date,value
2017-03-15,0.216983379333333
2017-03-16,0.215794663666667
2017-03-17,0.219862254
2017-03-18,0.231908692666667
2017-03-19,0.224767549666667
2017-03-20,0.221593708333333
2017-03-21,0.217644104666667
2017-03-22,0.206910267666667
2017-03-23,0.199424013666667
2017-03-24,0.220803197666667
2017-03-25,0.240341789666667
2017-03-26,0.249580145666667
2017-03-27,0.307305122333333
2017-03-28,0.33767784
2017-03-29,0.408351853333333
2017-03-30,0.48811084
2017-03-31,0.557280523333333
2017-04-01,0.543387593333333
2017-04-02,0.469940893333333
2017-04-03,0.469734416666667
2017-04-04,0.497343296666667
2017-04-05,0.53571846
2017-04-06,0.529760133333333
2017-04-07,0.5265225792
2017-04-08,0.476548146666667
2017-04-09,0.42015052
2017-04-10,0.3867013
2017-04-11,0.354815403333333
2017-04-12,0.328858336666667
2017-04-13,0.304966036666667
2017-04-14,0.281297911333333
2017-04-15,0.262756306666667
2017-04-16,0.280761072
2017-04-17,4.64248036666667
2017-04-18,4.7926184
2017-04-19,2.81542733666667
2017-04-20,1.82206809333333
2017-04-21,14.08990874
2017-04-22,34.7919082666667
2017-04-23,15.5350094333333
2017-04-24,11.008156
2017-04-25,8.1632025
2017-04-26,14.4120713333333
2017-04-27,14.1855369333333
2017-04-28,10.4322784695652
2017-04-29,225.230231887324
2017-04-30,93.4327608358209
2017-05-01,17.0896770206897
2017-05-02,10.4527337666667
2017-05-03,7.3313965
2017-05-04,5.52679043333333
2017-05-05,4.1377924
2017-05-06,3.28504376666667
2017-05-07,2.68670388333333
2017-05-08,2.25817631
2017-05-09,1.93506982333333
2017-05-10,1.70617569
2017-05-11,1.71039371333333
2017-05-12,2.77891046333333
2017-05-13,2.55246455333333
2017-05-14,1.91389121666667
2017-05-15,1.62240515666667
2017-05-16,1.42622282666667
2017-05-17,1.30941602666667
2017-05-18,1.17266948
2017-05-19,1.73245722
2017-05-20,97.6097794
2017-05-21,15.9379339
2017-05-22,8.14166993333333
2017-05-23,5.54507836666667
2017-05-24,4.13307293333333
2017-05-25,3.2785545
2017-05-26,2.69664426
2017-05-27,2.37294784
2017-05-28,3.71775986666667
2017-05-29,2.91627644
2017-05-30,2.42574687333333
2017-05-31,2.10143102333333
2017-06-01,1.94155909
2017-06-02,1.72074704333333
2017-06-03,1.51199913333333
2017-06-04,1.43958481666667
2017-06-05,3.54715114666667
2017-06-06,1.66063283666667
2017-06-07,1.35345455
2017-06-08,1.18839120333333
2017-06-09,1.06777933333333
2017-06-10,0.970587816666667
2017-06-11,0.8778208
2017-06-12,0.812898636666667
2017-06-13,0.763963666666667
2017-06-14,0.73402455
2017-06-15,0.697891133333333
2017-06-16,0.70048684
2017-06-17,0.715559636666667
2017-06-18,0.706179696666667
2017-06-19,0.680340616666667
2017-06-20,0.639458236666667
2017-06-21,0.59562619
2017-06-22,0.555392736666667
2017-06-23,0.533624196666667
2017-06-24,0.51695858
2017-06-25,0.511324716666667
2017-06-26,0.48483671
2017-06-27,0.466991226666667
2017-06-28,0.444809733333333
2017-06-29,0.424987973333333
2017-06-30,0.479940263333333
2017-07-01,0.54403652
2017-07-02,0.515057968695652
2017-07-03,0.50341961
2017-07-04,0.47775751
2017-07-05,0.46076743
2017-07-06,0.44218453
2017-07-07,0.426846263333333
2017-07-08,0.49943756
2017-07-09,0.562648916666667
2017-07-10,0.497726753333333
2017-07-11,0.441683086666667
2017-07-12,0.393898486666667
2017-07-13,0.371274543333333
2017-07-14,0.365758666666667
2017-07-15,0.374961626666667
2017-07-16,0.389827946666667
2017-07-17,0.369947193333333
2017-07-18,0.354785906666667
2017-07-19,0.340273546666667
2017-07-20,0.319389906666667
2017-07-21,0.30157392
2017-07-22,0.292730819333333
2017-07-23,0.281073736666667
2017-07-24,0.272268981666667
2017-07-25,0.261712124666667
2017-07-26,0.256423372333333
2017-07-27,0.253777521333333
2017-07-28,0.304443945666667
2017-07-29,0.297090426666667
2017-07-30,0.311189833333333
2017-07-31,0.302954364
2017-08-01,0.286866882
2017-08-02,0.280991146
2017-08-03,0.277469244
2017-08-04,0.278787745
2017-08-05,0.272614092666667
2017-08-06,0.30723728
2017-08-07,0.312694163333333
2017-08-08,0.35723413
2017-08-09,0.345763031578947
2017-08-10,0.324699306666667
2017-08-11,0.306588353333333
2017-08-12,0.289784102333333
2017-08-13,0.29847677
2017-08-14,0.301455933333333
2017-08-15,0.297444386666667
2017-08-16,0.303196956097561
2017-08-17,0.377110225964912
2017-08-18,0.392497395
2017-08-19,0.455682658461539
2017-08-20,0.451810275555556
2017-08-21,0.398022656969697
2017-08-22,0.353399563333333
2017-08-23,0.317030173333333
2017-08-24,0.291674838666667
2017-08-25,0.276622689666667
2017-08-26,0.2604579264
2017-08-27,0.245365072
2017-08-28,0.228960027773585
2017-08-29,0.217670651666667
2017-08-30,0.208730212
2017-08-31,0.199261782
2017-09-01,0.189713711
2017-09-02,0.181770258666667
2017-09-03,0.180451757666667
2017-09-04,0.178086125
2017-09-05,0.168712084333333
2017-09-06,0.161520797
2017-09-07,0.155031530333333
2017-09-08,0.148459673
2017-09-09,0.141654792
2017-09-10,0.135507686666667
2017-09-11,0.128870936666667
2017-09-12,0.124413990333333
2017-09-13,0.121576411
2017-09-14,0.117921774
2017-09-15,0.11494851
2017-09-16,0.10937364
2017-09-17,0.138194833
2017-09-18,0.238672278333333
2017-09-19,0.40324893
2017-09-20,0.34900456
2017-09-21,0.287324080333333
2017-09-22,0.248055168
2017-09-23,0.221897524
2017-09-24,0.203155342
2017-09-25,0.185539932666667
2017-09-26,0.174593719666667
2017-09-27,0.164352477
2017-09-28,0.158202422
2017-09-29,0.155916430333333
2017-09-30,0.150315013333333
2017-10-01,0.149229536
2017-10-02,0.147105776
2017-10-03,0.142858256
2017-10-04,0.152223447666667
2017-10-05,0.169322665333333
2017-10-06,0.176853164333333
2017-10-07,0.193049784
2017-10-08,0.185587127333333
2017-10-09,0.175856177
2017-10-10,0.168172295333333
2017-10-11,0.159898480333333
2017-10-12,0.154615506938775
2017-10-13,0.152332585333333
2017-10-14,0.151176316
2017-10-15,0.150326812
2017-10-16,0.151459484
2017-10-17,0.149607093333333
2017-10-18,0.149253133333333
2017-10-19,0.146102889333333
2017-10-20,0.145265184
2017-10-21,0.15122303872
2017-10-22,0.266407994
2017-10-23,0.306906917333333
2017-10-24,0.378442233333333
2017-10-25,0.316558226666667
2017-10-26,0.270012486666667
2017-10-27,0.244580460666667
2017-10-28,0.233700997530864
2017-10-29,0.229153704
2017-10-30,0.226440010666667
2017-10-31,0.222924008
2017-11-01,0.221809965473684
2017-11-02,0.221059818666667
2017-11-03,0.22087104
2017-11-04,0.22087104
2017-11-05,0.226345621333333
2017-11-06,0.230419111
2017-11-07,0.231197823
2017-11-08,0.229838026666667
2017-11-09,0.225212949333333
2017-11-10,0.22087104
2017-11-11,0.221059818666667
2017-11-12,0.225024170666667
2017-11-13,0.231100484
2017-11-14,0.238595587
2017-11-15,0.239374299
2017-11-16,0.236736538514286
2017-11-17,0.234805265333333
2017-11-18,0.233625398666667
2017-11-19,0.233188848
2017-11-20,0.231973585333333
2017-11-21,0.231159477333333
2017-11-22,0.227490092
2017-11-23,0.224870788
2017-11-24,0.22423366
2017-11-25,0.221696946666667
2017-11-26,0.217744393333333
2017-11-27,0.216257761333333
2017-11-28,0.215007102666667
2017-11-29,0.506203784842105
2017-11-30,1.75490418333333
2017-12-01,0.936430676666667
2017-12-02,0.667775036666667
2017-12-03,0.519996736666667
2017-12-04,0.446402553333333
2017-12-05,0.390447376666667
2017-12-06,0.362389186976744
2017-12-07,0.347398790243902
2017-12-08,0.324463333333333
2017-12-09,0.30582144
2017-12-10,0.287380124
2017-12-11,0.27396504
2017-12-12,0.261113342333333
2017-12-13,0.249975401
2017-12-14,0.240153011
2017-12-15,0.23441001
2017-12-16,0.230032704666667
2017-12-17,0.236551468
2017-12-18,0.230029755
2017-12-19,0.235480739
2017-12-20,0.264933160666667
2017-12-21,0.273752664
2017-12-22,0.31369705
2017-12-23,0.463540116666667
2017-12-24,0.594770786666667
2017-12-25,0.67305494
2017-12-26,0.59040528
2017-12-27,0.483125903333333
2017-12-28,0.42457502
2017-12-29,0.387438716666667
2017-12-30,0.354874396666667
2017-12-31,0.320569773333333
2018-01-01,0.293775001333333
2018-01-02,0.275451672
2018-01-03,0.260493912333333
2018-01-04,0.249143595
2018-01-05,0.241905113
2018-01-06,0.240055672
2018-01-07,0.246338462
2018-01-08,0.262558679
2018-01-09,0.266390296
2018-01-10,0.276832116
2018-01-11,0.278000184
2018-01-12,0.265965544
2018-01-13,0.258738860666667
2018-01-14,0.250898646666667
2018-01-15,0.23830357
2018-01-16,0.223797109333333
2018-01-17,0.219325414666667
2018-01-18,0.215018901333333
2018-01-19,0.214836022
2018-01-20,0.219590884666667
2018-01-21,0.236908377666667
2018-01-22,0.422952703333333
2018-01-23,1.08226219666667
2018-01-24,0.986932817391304
2018-01-25,0.802132353333333
2018-01-26,0.660341876666667
2018-01-27,0.579904466666667
2018-01-28,0.525847943859649
2018-01-29,0.4884648
2018-01-30,0.451637051685393
2018-01-31,0.41873468
2018-02-01,0.388441603333333
2018-02-02,0.362926986666667
2018-02-03,0.343370696666667
2018-02-04,0.320805746666667
2018-02-05,0.30033506
2018-02-06,0.29060116
2018-02-07,0.280548696
2018-02-08,0.26918658
2018-02-09,0.261939249
2018-02-10,0.257396762333333
2018-02-11,0.247940131
2018-02-12,0.23830357
2018-02-13,0.238498248
2018-02-14,0.23441001
2018-02-15,0.233241942
2018-02-16,0.229392627
2018-02-17,0.260408372
2018-02-18,0.264953808333333
2018-02-19,0.317378234
2018-02-20,1.21936270333333
2018-02-21,15.8296811333333
2018-02-22,4.38084493333333
2018-02-23,4.052842
2018-02-24,84.6911243
2018-02-25,19.4480372333333
2018-02-26,9.88226823333333
2018-02-27,6.34325816666667
2018-02-28,4.62743706666667
2018-03-01,3.64726283333333
2018-03-02,2.98984112666667
2018-03-03,2.54777458333333
2018-03-04,2.19643978666667
2018-03-05,1.95969954
2018-03-06,1.74879837333333
2018-03-07,1.56836892044944
2018-03-08,1.42206379666667
2018-03-09,1.29985910666667
2018-03-10,1.20437839666667
2018-03-11,1.12596214956522
2018-03-12,1.04718024941176
2018-03-13,0.983064906666667
2018-03-14,0.9309148
2018-03-15,0.889471983333334
2018-03-16,0.85729112
2018-03-17,0.82260304
2018-03-18,0.7928704
2018-03-19,0.78110123
2018-03-20,0.749758072
2018-03-21,0.71747692
2018-03-22,0.683968706666667
2018-03-23,0.65960446
2018-03-24,0.64261438
2018-03-25,0.6273941
2018-03-26,0.62580128
2018-03-27,39.01807268
2018-03-28,14.61713216
2018-03-29,8.3840843755102
2018-03-30,9.29434603636364
2018-03-31,6.63203053333333
2018-04-01,5.16839785205479
2018-04-02,4.06394902068966
2018-04-03,3.5803054
2018-04-04,3.0644087
2018-04-05,2.70086228333333
2018-04-06,2.46049394666667
2018-04-07,2.27257068333333
2018-04-08,2.09272950666667
2018-04-09,1.95046708333333
2018-04-10,1.8273185
2018-04-11,1.73522990666667
2018-04-12,1.66381847666667
2018-04-13,1.61326119
2018-04-14,1.55777796
2018-04-15,1.46235624333333
2018-04-16,1.38775917333333
2018-04-17,1.33348530666667
2018-04-18,1.28924030666667
2018-04-19,1.22361022333333
2018-04-20,1.15951396666667
2018-04-21,1.18287532666667
2018-04-22,1.61635834
2018-04-23,2.00043443666667
2018-04-24,1.91743081666667
2018-04-25,1.76876761666667
2018-04-26,1.72195640666667
2018-04-27,1.67951070333333
2018-04-28,1.59963373
2018-04-29,1.55128869333333
2018-04-30,1.40601761
2018-05-01,1.34882357333333
2018-05-02,1.28717554
2018-05-03,9.48379776333333
2018-05-04,12.5885874
2018-05-05,6.28043026666667
2018-05-06,4.3457439
2018-05-07,3.43665663333333
2018-05-08,2.83943762333333
2018-05-09,2.43745705
2018-05-10,2.10859871333333
2018-05-11,1.84814314666667
2018-05-12,1.64488161666667
2018-05-13,1.48503918
2018-05-14,1.34557894
2018-05-15,1.28741151333333
2018-05-16,1.18414368333333
2018-05-17,1.22909660333333
2018-05-18,1.08975435
2018-05-19,0.975307283333333
2018-05-20,0.93560477
2018-05-21,0.854429943333333
2018-05-22,0.792575433333333
2018-05-23,0.75889024
2018-05-24,0.73313965
2018-05-25,0.715058193333333
2018-05-26,0.675945613333333
2018-05-27,0.633617896666667
2018-05-28,0.580435406666667
2018-05-29,0.54262068
2018-05-30,0.525053086315789
2018-05-31,0.50288867
2018-06-01,0.47908486
2018-06-02,0.452419873333333
2018-06-03,0.41864619
2018-06-04,0.385963883333333
2018-06-05,0.36095071
2018-06-06,0.35006644
2018-06-07,0.339683613333333
2018-06-08,0.331896493333333
2018-06-09,0.31750212
2018-06-10,0.30785671
2018-06-11,0.291733832
2018-06-12,0.36510974
2018-06-13,0.35997732
2018-06-14,0.382866733333333
2018-06-15,0.334551193333333
2018-06-16,0.298172954333333
2018-06-17,0.272684884666667
2018-06-18,0.254158028333333
2018-06-19,0.238297670666667
2018-06-20,0.238716523333333
2018-06-21,0.242439002666667
2018-06-22,0.268018512
2018-06-23,0.317384133333333
2018-06-24,0.30697181
2018-06-25,0.279657896666667
2018-06-26,0.270245510333333
2018-06-27,0.267508219666667
2018-06-28,0.245288380666667
2018-06-29,0.229283489333333
2018-06-30,0.212166573666667
2018-07-01,0.205464931
2018-07-02,0.201161367333333
2018-07-03,0.190601560666667
2018-07-04,0.179864774
2018-07-05,0.167175308
2018-07-06,0.153901808
2018-07-07,0.152409276666667
2018-07-08,0.160745034666667
2018-07-09,0.157818965333333
2018-07-10,0.1468934
2018-07-11,0.136563667333333
2018-07-12,0.124576222
2018-07-13,0.113585764
2018-07-14,0.105247056333333
2018-07-15,0.111727474
2018-07-16,0.11353267
2018-07-17,0.125658749666667
2018-07-18,0.155264554
2018-07-19,0.179375129333333
2018-07-20,0.187041313
2018-07-21,0.193928784666667
2018-07-22,0.181616876
2018-07-23,0.179118508333333
2018-07-24,0.156049165333333
2018-07-25,0.133513712
2018-07-26,0.116609172333333
2018-07-27,0.109497526
2018-07-28,0.0958995626666667
2018-07-29,0.139787653
2018-07-30,0.154479942666667
2018-07-31,0.201748351
2018-08-01,0.220098227333333
2018-08-02,0.218552602
2018-08-03,0.188678378
2018-08-04,0.152857626
2018-08-05,0.125089464
2018-08-06,0.103079051333333
2018-08-07,0.104005246666667
2018-08-08,0.113638858
2018-08-09,0.104162919757576
2018-08-10,0.0991088
2018-08-11,0.0943185413333333
2018-08-12,0.0888632669090909
2018-08-13,0.0825563432727273
2018-08-14,0.077269468
2018-08-15,0.0727226909090909
2018-08-16,0.074172318
2018-08-17,0.120735756
2018-08-18,0.181254067
2018-08-19,0.263057172666667
2018-08-20,0.229787882333333
2018-08-21,0.204992984333333
2018-08-22,0.182702353333333
2018-08-23,0.166597173333333
2018-08-24,0.149335724
2018-08-25,0.131643623333333
2018-08-26,0.113836485666667
2018-08-27,0.0923599626666667
2018-08-28,0.0741929656666667
2018-08-29,0.0610020563333333
2018-08-30,0.0524067276666667
2018-08-31,0.047386395
2018-09-01,0.045112202
2018-09-02,0.0486753993333333
2018-09-03,0.0405520173333333
2018-09-04,0.033635049
2018-09-05,0.0333046863333333
2018-09-06,0.0280808266666667
2018-09-07,0.0321513666666667
2018-09-08,0.0614061606666667
2018-09-09,0.0992887296666667
2018-09-10,0.122355123
2018-09-11,0.108774857666667
2018-09-12,0.09008282
2018-09-13,0.0742372106666667
2018-09-14,0.0607277373333333
2018-09-15,0.0482034526666667
2018-09-16,0.0374637163333333
2018-09-17,0.0309479026666667
2018-09-18,0.0264113153333333
2018-09-19,0.0217714896666667
2018-09-20,0.0185239066666667
2018-09-21,0.0205460739368421
2018-09-22,0.0325790683333333
2018-09-23,0.0322487056666667
2018-09-24,0.0606274486666667
2018-09-25,0.0755409633333333
2018-09-26,0.065420657
2018-09-27,0.0616037883333333
2018-09-28,0.0525660096666667
2018-09-29,0.043917587
2018-09-30,0.0383574653333333
2018-10-01,0.033635049
2018-10-02,0.029042418
2018-10-03,0.023874602
2018-10-04,0.0241607196666667
2018-10-05,0.0312045236666667
2018-10-06,0.0426993746666667
2018-10-07,0.116579675666667
2018-10-08,0.109229106333333
2018-10-09,0.127369556333333
2018-10-10,0.136047475666667
2018-10-11,0.112798203
2018-10-12,0.10574555
2018-10-13,0.100005498666667
2018-10-14,0.0988551286666667
2018-10-15,0.104011146
2018-10-16,0.106261741666667
2018-10-17,0.104586331
2018-10-18,0.0996072936666667
2018-10-19,0.112267263
2018-10-20,0.122378720333333
2018-10-21,0.139138726333333
2018-10-22,0.146928796
2018-10-23,0.131136280666667
2018-10-24,0.114609298333333
2018-10-25,0.105621664
2018-10-26,0.0965720866666667
2018-10-27,0.0885932383333333
2018-10-28,0.081826703
2018-10-29,0.0749215333333333
2018-10-30,0.0677803903333333
2018-10-31,0.065332167
2018-11-01,0.0863072466666667
2018-11-02,0.097896487
2018-11-03,0.117656304
2018-11-04,0.140851456695652
2018-11-05,0.141934588952381
2018-11-06,0.142607534333333
2018-11-07,0.141374573666667
2018-11-08,0.141241838666667
2018-11-09,0.137191946333333
2018-11-10,0.132811691333333
2018-11-11,0.132628812
2018-11-12,0.129419574666667
2018-11-13,0.122411166666667
2018-11-14,0.121072018
2018-11-15,0.117629757
2018-11-16,0.113093169666667
2018-11-17,0.107810316666667
2018-11-18,0.101792996666667
2018-11-19,0.099188441
2018-11-20,0.0963892073333333
2018-11-21,0.092082694
2018-11-22,0.0879472613333333
2018-11-23,0.083384127
2018-11-24,0.0829357776666667
2018-11-25,0.079791433
2018-11-26,0.0774965923333333
2018-11-27,0.0758949233333333
2018-11-28,0.0725765483333333
2018-11-29,0.071791937
2018-11-30,0.0697537173333333
2018-12-01,0.134091846666667
2018-12-02,0.282492526333333
2018-12-03,0.37891418
2018-12-04,0.340037573333333
2018-12-05,0.275146893810526
2018-12-06,0.233374677
2018-12-07,0.204535786
2018-12-08,0.183342431
2018-12-09,0.163765493333333
2018-12-10,0.146619081
2018-12-11,0.133159752
2018-12-12,0.125992062
2018-12-13,0.142507245666667
2018-12-14,0.184094596
2018-12-15,0.218405118666667
2018-12-16,0.3141395
2018-12-17,0.302134356666667
2018-12-18,0.27679672
2018-12-19,0.252562258666667
2018-12-20,0.232483877666667
2018-12-21,0.216591073666667
2018-12-22,0.203739376
2018-12-23,0.186551668333333
2018-12-24,0.174534726333333
2018-12-25,0.160115110063158
2018-12-26,0.155432685
2018-12-27,0.281631223666667
2018-12-28,0.96648778
2018-12-29,0.941828566666667
2018-12-30,0.717683396666667
2018-12-31,1.74000836666667
2019-01-01,3.10611698666667
2019-01-02,1.91330128333333
2019-01-03,1.44984965666667
2019-01-04,12.0164090714607
2019-01-05,7.5490819
2019-01-06,4.34515396666667
2019-01-07,3.22416264666667
2019-01-08,2.468871
2019-01-09,1.92905250333333
2019-01-10,1.59697903
2019-01-11,1.64446090105263
2019-01-12,15.1309987952941
2019-01-13,10.4824484521739
2019-01-14,6.97208862608696
2019-01-15,5.04363503333333
2019-01-16,3.89562476666667
2019-01-17,3.229885
2019-01-18,2.80378493957447
2019-01-19,9.64940146382979
2019-01-20,6.16875332173913
2019-01-21,4.38703923333333
2019-01-22,3.59387386666667
2019-01-23,3.12871143333333
2019-01-24,2.69924679747368
2019-01-25,2.25201150666667
2019-01-26,1.91586749333333
2019-01-27,1.72874064
2019-01-28,1.59376389333333
2019-01-29,1.40339240666667
2019-01-30,1.24042332333333
2019-01-31,1.12220068333333
2019-02-01,1.04161579
2019-02-02,0.970499326666667
2019-02-03,0.911211026666667
2019-02-04,0.862394043333333
2019-02-05,0.816084276666667
2019-02-06,1.04556834333333
2019-02-07,1.39873193333333
2019-02-08,2.01901733666667
2019-02-09,1.83301135666667
2019-02-10,1.70331451333333
2019-02-11,1.66662066
2019-02-12,4.71551411333333
2019-02-13,4.95868463333333
2019-02-14,3.9493087
2019-02-15,3.25342334
2019-02-16,2.63676602666667
2019-02-17,2.1954369
2019-02-18,1.83203796666667
2019-02-19,1.58102133333333
2019-02-20,1.46061594
2019-02-21,1.32401687666667
2019-02-22,1.21830082333333
2019-02-23,1.16435142
2019-02-24,1.10771782
2019-02-25,1.03406464333333
2019-02-26,0.981590073333333
2019-02-27,0.95179844
2019-02-28,0.915930493333333
2019-03-01,0.861243673333333
2019-03-02,0.81623176
2019-03-03,0.779744383333333
2019-03-04,0.718243833333333
2019-03-05,0.66916138
2019-03-06,0.638307866666667
2019-03-07,0.6273941
2019-03-08,0.60934214
2019-03-09,1.98568610333333
2019-03-10,2.89610072
2019-03-11,2.25891372666667
2019-03-12,2.01565471666667
2019-03-13,2.04482692
2019-03-14,2.23242572
2019-03-15,1.85070935666667
2019-03-16,1.64685789333333
2019-03-17,1.46560087666667
2019-03-18,1.31858949
2019-03-19,1.18547103333333
2019-03-20,1.08630324
2019-03-21,0.983595846666667
2019-03-22,0.897878533333333
2019-03-23,0.84968098
2019-03-24,1.27844452666667
2019-03-25,1.59093221333333
2019-03-26,1.51946179
2019-03-27,1.36920577
2019-03-28,1.22467210333333
2019-03-29,1.22405267333333
2019-03-30,2.28525425
2019-03-31,3.59947823333333
2019-04-01,2.90037901913044
2019-04-02,2.42388858333333
2019-04-03,2.02701093333333
2019-04-04,1.80212834666667
2019-04-05,1.54898795333333
2019-04-06,1.37212594
2019-04-07,1.25074715666667
2019-04-08,1.13880730666667
2019-04-09,1.02090913
2019-04-10,0.93162272
2019-04-11,0.85552132
2019-04-12,0.77844653
2019-04-13,0.767709743333333
2019-04-14,8.60077750545455
2019-04-15,6.53713554285714
2019-04-16,4.17137927111111
2019-04-17,3.15413756
2019-04-18,2.49438561666667
2019-04-19,1.95179443333333
2019-04-20,1.57771770666667
2019-04-21,1.33245292333333
2019-04-22,1.11526896666667
2019-04-23,0.989087356521739
2019-04-24,0.891212286666667
2019-04-25,0.849297523333333
2019-04-26,0.76393417
2019-04-27,0.688570186666667
2019-04-28,0.626538696666667
2019-04-29,0.57527349
2019-04-30,5.60696237333333
2019-05-01,73.8735167666667
2019-05-02,12.3306250778947
2019-05-03,9.30708323333333
2019-05-04,11.5352614333333
2019-05-05,7.9968413
2019-05-06,32.1206901333333
2019-05-07,14.1289033333333
2019-05-08,15.1345844210526
2019-05-09,11.3410339868132
2019-05-10,8.1430591311828
2019-05-11,7.67504508631579
2019-05-12,7.10545203333333
2019-05-13,5.9951975
2019-05-14,5.2173704
2019-05-15,4.64012063333333
2019-05-16,4.13808736666667
2019-05-17,3.74696156666667
2019-05-18,3.70537126666667
2019-05-19,3.68442863333333
2019-05-20,3.42780763333333
2019-05-21,64.6431248666667
2019-05-22,21.0414471666667
2019-05-23,11.4028214
2019-05-24,8.3366429
2019-05-25,7.23658179368421
2019-05-26,6.07631333333333
2019-05-27,5.1244559
2019-05-28,4.3988379
2019-05-29,4.07260476666667
2019-05-30,4.4829034
2019-05-31,3.8776318
2019-06-01,3.34344716666667
2019-06-02,2.89769354
2019-06-03,4.08493437333333
2019-06-04,7.5253402212766
2019-06-05,4.54602626666667
2019-06-06,4.62212766666667
2019-06-07,14.2654729
2019-06-08,7.14667833191489
2019-06-09,4.82018209361702
2019-06-10,3.7493213
2019-06-11,3.01553054989474
2019-06-12,2.52692044
2019-06-13,2.12458590666667
2019-06-14,1.81357305333333
2019-06-15,1.69302017666667
2019-06-16,1.63620959666667
2019-06-17,5.10888166
2019-06-18,6.6022389
2019-06-19,9.7754903
2019-06-20,6.79960885894737
2019-06-21,4.75155904
2019-06-22,3.75935016666667
2019-06-23,8.45135982978723
2019-06-24,9.58936633333333
2019-06-25,6.0659895
2019-06-26,4.78052476666667
2019-06-27,3.8201133
2019-06-28,3.11956746666667
2019-06-29,2.57786118333333
2019-06-30,2.13063272333333
2019-07-01,1.81257016666667
2019-07-02,1.62889442333333
2019-07-03,1.47592471
2019-07-04,1.29935766333333
2019-07-05,1.17738894666667
2019-07-06,1.13028277
2019-07-07,1.03969850666667
2019-07-08,0.952830823333333
2019-07-09,0.903630383333333
2019-07-10,1.02993511
2019-07-11,3.85592225333333
2019-07-12,1.58939838666667
2019-07-13,1.24024634333333
2019-07-14,1.07766071666667
2019-07-15,0.99878663
2019-07-16,0.935929233333333
2019-07-17,0.856022763333333
2019-07-18,0.788209926666667
2019-07-19,0.71429128
2019-07-20,0.669043393333333
2019-07-21,0.62774806
2019-07-22,0.758064333333333
2019-07-23,0.681048536666667
2019-07-24,0.613973116666667
2019-07-25,0.565303616666667
2019-07-26,0.519731266666667
2019-07-27,0.48881876
2019-07-28,0.467020723333333
2019-07-29,0.455045076666667
2019-07-30,0.492741816666667
2019-07-31,0.501443333333333
2019-08-01,0.50156132
2019-08-02,0.575745436666667
2019-08-03,0.697094723333333
2019-08-04,0.79835678
2019-08-05,0.764317626666667
2019-08-06,0.611967343333333
2019-08-07,0.522828416666667
2019-08-08,3.03851062666667
2019-08-09,7.88947343333333
2019-08-10,2.80436608666667
2019-08-11,1.73974289666667
2019-08-12,1.30443109
2019-08-13,1.02067315666667
2019-08-14,0.87967909
2019-08-15,0.770069476666667
2019-08-16,0.69924798
2019-08-17,0.70685812
2019-08-18,0.625122856666667
2019-08-19,0.573621676666667
2019-08-20,0.525306136666667
2019-08-21,0.476282676666667
2019-08-22,0.51571972
2019-08-23,1.68414168
2019-08-24,1.82876383666667
2019-08-25,1.44625106333333
2019-08-26,1.25030470666667
2019-08-27,12.3465082566667
2019-08-28,6.3403085
2019-08-29,4.41801073333333
2019-08-30,3.72483906666667
2019-08-31,2.96541788666667
2019-09-01,2.40922874
2019-09-02,1.96943344
2019-09-03,1.69473098333333
2019-09-04,1.46265121
2019-09-05,1.28773597666667
2019-09-06,1.15438154666667
2019-09-07,1.04132082333333
2019-09-08,0.942123533333333
2019-09-09,0.857320616666667
2019-09-10,0.780186833333333
2019-09-11,0.717683396666667
2019-09-12,0.668305976666667
2019-09-13,0.65880805
2019-09-14,0.640431626666667
2019-09-15,0.594682296666667
2019-09-16,0.55438985
2019-09-17,0.527370903333333
2019-09-18,0.494777086666667
2019-09-19,0.499732526666667
2019-09-20,0.567427376666667
2019-09-21,0.56775184
2019-09-22,0.54518689
2019-09-23,0.517872976666667
2019-09-24,0.602203946666667
2019-09-25,0.89304108
2019-09-26,6.06797906637363
2019-09-27,3.45341074
2019-09-28,2.12075134
2019-09-29,1.60804028
2019-09-30,1.19744668
2019-10-01,0.918113246666667
2019-10-02,0.75225349
2019-10-03,0.64323381
2019-10-04,0.571763386666667
2019-10-05,0.520527676666667
2019-10-06,142.757170923333
2019-10-07,31.1794515
2019-10-08,13.5702364666667
2019-10-09,8.68588343333333
2019-10-10,13.9345203
2019-10-11,63.0688877666667
2019-10-12,17.8799944333333
2019-10-13,11.2435394
2019-10-14,8.48294636666667
2019-10-15,6.8783277
2019-10-16,5.81585776666667
2019-10-17,4.84335266666667
2019-10-18,4.1563753
2019-10-19,3.71397187368421
2019-10-20,3.3033317
2019-10-21,9.3038386
2019-10-22,5.32827786666667
2019-10-23,4.2944197
2019-10-24,10.1014284666667
2019-10-25,18.6188859333333
2019-10-26,12.8192513333333
2019-10-27,10.1424288333333
2019-10-28,7.5437725
2019-10-29,6.27010643333333
2019-10-30,12.078885
2019-10-31,9.80764166666667
2019-11-01,7.24497126666667
2019-11-02,5.8739662
2019-11-03,4.84512246666667
2019-11-04,4.04340306666667
2019-11-05,3.389167
2019-11-06,3.01119671333333
2019-11-07,53.8025099333333
2019-11-08,20.9998568666667
2019-11-09,12.6307676333333
2019-11-10,9.3215366
2019-11-11,7.1199054
2019-11-12,5.63887776666667
2019-11-13,4.69822906666667
2019-11-14,4.06316583333333
2019-11-15,3.47736203333333
2019-11-16,3.07296273333333
2019-11-17,2.74631664666667
2019-11-18,2.51851389
2019-11-19,2.34339218
2019-11-20,2.16431791666667
2019-11-21,2.06969261
2019-11-22,2.99388217
2019-11-23,3.0449409
2019-11-24,2.91250086666667
2019-11-25,2.75121309333333
2019-11-26,2.57411510666667
2019-11-27,2.34235979666667
2019-11-28,2.29124207333333
2019-11-29,3.05836188333333
2019-11-30,10.3701431
2019-12-01,6.93997573333333
2019-12-02,4.9563249
2019-12-03,3.97526576666667
2019-12-04,3.4077499
2019-12-05,2.99420663333333
2019-12-06,2.66888789666667
2019-12-07,2.37132552333333
2019-12-08,2.17018775333333
2019-12-09,2.03423761666667
2019-12-10,1.87820025
2019-12-11,1.74174867
2019-12-12,1.64671041
2019-12-13,1.58762858666667
2019-12-14,1.52769136
2019-12-15,1.45017412
2019-12-16,1.43468837
2019-12-17,1.44046971666667
2019-12-18,1.33366228666667
2019-12-19,1.26366669666667
2019-12-20,1.21956918
2019-12-21,1.17547166333333
2019-12-22,1.11680279333333
2019-12-23,1.07993196
2019-12-24,1.04559784
2019-12-25,1.01663211333333
2019-12-26,0.990675046666667
2019-12-27,0.95463012
2019-12-28,1.06347282
2019-12-29,12.46151576
2019-12-30,3.99148893333333
2019-12-31,2.96512292
2020-01-01,2.45465360666667
2020-01-02,2.15340415
2020-01-03,1.89055935333333
2020-01-04,1.66532280666667
2020-01-05,1.49412415333333
2020-01-06,1.37280436333333
2020-01-07,1.28623164666667
2020-01-08,1.21305041666667
2020-01-09,1.15399809
2020-01-10,2.14402421
2020-01-11,29.0878428666667
2020-01-12,11.2196471
2020-01-13,7.8800345
2020-01-14,6.0111257
2020-01-15,4.86636006666667
2020-01-16,4.008597
2020-01-17,7.371217
2020-01-18,25.0016696333333
2020-01-19,11.8594298
2020-01-20,8.1649723
2020-01-21,6.09401133333333
2020-01-22,4.9687135
2020-01-23,4.3439741
2020-01-24,3.81155926666667
2020-01-25,3.31866996666667
2020-01-26,2.92842906666667
2020-01-27,2.64180995666667
2020-01-28,2.44512618333333
2020-01-29,2.69561187666667
2020-01-30,2.65130788333333
2020-01-31,2.47536026666667
2020-02-01,2.31964736333333
2020-02-02,2.16068982666667
2020-02-03,2.02181952
2020-02-04,1.92548340666667
2020-02-05,2.12473339
2020-02-06,2.64989204333333
2020-02-07,2.20304704
2020-02-08,2.04075638
2020-02-09,1.93279858
2020-02-10,2.23752864333333
2020-02-11,2.54969186666667
2020-02-12,6.84794613333333
2020-02-13,10.7019806
2020-02-14,6.9323066
2020-02-15,5.4023145
2020-02-16,4.3784852
2020-02-17,3.67292493333333
2020-02-18,3.09950973333333
2020-02-19,2.56101858666667
2020-02-20,2.15449552666667
2020-02-21,1.85185972666667
2020-02-22,1.68703235333333
2020-02-23,1.58857248
2020-02-24,1.60273088
2020-02-25,1.48846079333333
2020-02-26,1.37773030666667
2020-02-27,1.24399242
2020-02-28,1.15064701217391
2020-02-29,1.07214484
2020-03-01,1.02512715333333
2020-03-02,0.998462166666667
2020-03-03,0.978197956666667
2020-03-04,0.91073908
2020-03-05,0.854046486666667
2020-03-06,0.79605604
2020-03-07,0.74473184
2020-03-08,0.713398685217391
2020-03-09,0.72889213
2020-03-10,0.69756667
2020-03-11,0.696180326666667
2020-03-12,0.71190205
2020-03-13,0.670606716666667
2020-03-14,5.17521966333333
2020-03-15,6.5438355
2020-03-16,37.7047041
2020-03-17,11.7255149333333
2020-03-18,14.2465950333333
2020-03-19,52.5270740666667
2020-03-20,22.1811983666667
2020-03-21,11.2426545
2020-03-22,8.60889713333333
2020-03-23,7.13435876666667
2020-03-24,6.37540953333333
2020-03-25,5.75155503333333
2020-03-26,4.84866206666667
2020-03-27,4.20268506666667
2020-03-28,3.74548673333333
2020-03-29,3.25613703333333
2020-03-30,2.88064446666667
2020-03-31,3.4891607
2020-04-01,3.2555471
2020-04-02,2.86182559333333
2020-04-03,2.66520081333333
2020-04-04,3.18080254666667
2020-04-05,2.73112586333333
2020-04-06,2.51108073
2020-04-07,2.32672656333333
2020-04-08,2.08485389666667
2020-04-09,1.79909019
2020-04-10,1.59308547
2020-04-11,1.44931871666667
2020-04-12,2.06866022666667
2020-04-13,7.38508043333333
2020-04-14,3.13944822
2020-04-15,2.45763277
2020-04-16,2.05317447666667
2020-04-17,1.76513952666667
2020-04-18,1.48046719666667
2020-04-19,1.27478694
2020-04-20,1.07267578
2020-04-21,0.916166466666667
2020-04-22,0.926873756666667
2020-04-23,2.65865255333333
2020-04-24,2.33472016
2020-04-25,6.70075776666667
2020-04-26,3.54992383333333
2020-04-27,2.56868772
2020-04-28,2.18514256333333
2020-04-29,4.56059762
2020-04-30,2.86722348333333
2020-05-01,2.19700022333333
2020-05-02,1.73236873
2020-05-03,1.36967771666667
2020-05-04,2.95064005666667
2020-05-05,2.64779778
2020-05-06,1.50374006666667
2020-05-07,1.21726844
2020-05-08,3.56732686666667
2020-05-09,2.38931849
2020-05-10,1.71652902
2020-05-11,1.38362964
2020-05-12,1.49495006
2020-05-13,2.53470756
2020-05-14,2.02748288
2020-05-15,26.4510473433333
2020-05-16,21.6894889333333
2020-05-17,11.8650341666667
2020-05-18,8.83720133333333
2020-05-19,7.18302826666667
2020-05-20,6.1013855
2020-05-21,5.44626453333333
2020-05-22,8.9613823
2020-05-23,8.51568766666667
2020-05-24,6.1350117
2020-05-25,7.71514813333333
2020-05-26,33.2628010666667
2020-05-27,20.9116618333333
2020-05-28,15.9056068085106
2020-05-29,9.46559054065934
2020-05-30,7.08853851914894
2020-05-31,5.63667060229885
2020-06-01,4.59392885333333
2020-06-02,3.67705446666667
2020-06-03,3.01597517333333
2020-06-04,3.02208098333333
2020-06-05,2.86648606666667
2020-06-06,2.53765722666667
2020-06-07,2.32029629
2020-06-08,2.17207554
2020-06-09,2.0600472
2020-06-10,1.93070431666667
2020-06-11,1.83581354
2020-06-12,1.74664511666667
2020-06-13,1.67747543333333
2020-06-14,1.61975045666667
2020-06-15,1.56267440666667
2020-06-16,1.50152781666667
2020-06-17,1.43799199666667
2020-06-18,1.37678641333333
2020-06-19,1.33764433666667
2020-06-20,1.31289663333333
2020-06-21,1.27844452666667
2020-06-22,1.24995074666667
2020-06-23,1.21709146
2020-06-24,1.176917
2020-06-25,1.1362116
2020-06-26,1.08845649666667
2020-06-27,1.05491878666667
2020-06-28,1.01890335666667
2020-06-29,0.9884333
2020-06-30,0.983979303333333
2020-07-01,0.970764796666667
2020-07-02,0.924838486666667
2020-07-03,0.900769206666667
2020-07-04,1.02719192
2020-07-05,0.97498282
2020-07-06,0.905665653333333
2020-07-07,0.85817602
2020-07-08,0.823251966666667
2020-07-09,0.929027013333333
2020-07-10,0.96923097
2020-07-11,0.924042076666667
2020-07-12,0.880092043333333
2020-07-13,0.8034892
2020-07-14,0.785378246666667
2020-07-15,0.75402329
2020-07-16,0.726561893333333
2020-07-17,0.7052653
2020-07-18,0.682021926666667
2020-07-19,0.654236066666667
2020-07-20,0.633794876666667
2020-07-21,0.617011273333333
2020-07-22,0.605153613333333
2020-07-23,0.584004503333333
2020-07-24,0.575155503333333
2020-07-25,0.556985556666667
2020-07-26,0.53837316
2020-07-27,0.5300551
2020-07-28,0.61226231
2020-07-29,0.71446826
2020-07-30,2.51282103333333
2020-07-31,1.50194077
2020-08-01,1.09205509
2020-08-02,0.879885566666667
2020-08-03,0.747622513333333
2020-08-04,0.677774406666667
2020-08-05,0.62429695
2020-08-06,0.593974376666667
2020-08-07,0.612380296666667
2020-08-08,0.5946528
2020-08-09,0.58341457
2020-08-10,0.53633789
2020-08-11,0.55421287
2020-08-12,0.569669123333333
2020-08-13,0.539464536666667
2020-08-14,0.5725303
2020-08-15,0.516752103333333
2020-08-16,0.4805007
2020-08-17,0.454514136666667
2020-08-18,0.429677943333333
2020-08-19,0.410534606666667
2020-08-20,0.399827316666667
2020-08-21,0.391715733333333
2020-08-22,0.381598376666667
2020-08-23,0.3681184
2020-08-24,0.356113256666667
2020-08-25,0.34227932
2020-08-26,0.335082133333333
2020-08-27,0.346290866666667
2020-08-28,0.35086285
2020-08-29,0.339565626666667
2020-08-30,0.33520012
2020-08-31,0.402157553333333
2020-09-01,0.42023901
2020-09-02,0.43855644
2020-09-03,0.42006203
2020-09-04,0.405343193333333
2020-09-05,0.403396413333333
2020-09-06,0.373132833333333
2020-09-07,0.3468808
2020-09-08,0.332132466666667
2020-09-09,0.320451786666667
2020-09-10,0.36183561
2020-09-11,0.385963883333333
2020-09-12,0.395668286666667
2020-09-13,0.371540013333333
2020-09-14,0.35254416
2020-09-15,0.32989072
2020-09-16,0.314906413333333
2020-09-17,0.302753786666667
2020-09-18,0.293689461
2020-09-19,0.282905479666667
2020-09-20,0.276720028666667
2020-09-21,0.269089241
2020-09-22,0.292919598
2020-09-23,0.299214186666667
2020-09-24,0.318092053333333
2020-09-25,0.316558226666667
2020-09-26,0.300482543333333
2020-09-27,0.290834183666667
2020-09-28,0.305585466666667
2020-09-29,0.289633669333333
2020-09-30,0.278737600666667
2020-10-01,0.2628153
2020-10-02,0.254798106
2020-10-03,0.251695056666667
2020-10-04,0.252113909333333
2020-10-05,0.247839842333333
2020-10-06,0.246409254
2020-10-07,0.246412203666667
2020-10-08,0.243996426666667
2020-10-09,0.242486197333333
2020-10-10,0.247583221333333
2020-10-11,0.249134746
2020-10-12,0.246261770666667
2020-10-13,0.240881578666667
2020-10-14,0.233637197333333
2020-10-15,0.232902730333333
2020-10-16,0.231976535
2020-10-17,0.233168200333333
2020-10-18,0.245601045333333
2020-10-19,0.266661665333333
2020-10-20,0.278047378666667
2020-10-21,0.291904912666667
2020-10-22,0.300836503333333
2020-10-23,0.35289812
2020-10-24,0.354077986666667
2020-10-25,0.3663486
2020-10-26,0.47094378
2020-10-27,0.719276216666667
2020-10-28,0.864429313333333
2020-10-29,1.99146745
2020-10-30,2.13163561
2020-10-31,1.48433126
2020-11-01,1.08653921333333
2020-11-02,0.846200373333333
2020-11-03,0.700958786666667
2020-11-04,0.61571342
2020-11-05,0.561439553333333
2020-11-06,0.519996736666667
2020-11-07,0.485485636666667
2020-11-08,0.460000516666667
2020-11-09,0.446727016666667
2020-11-10,0.446461546666667
2020-11-11,0.43846795
2020-11-12,0.423041193333333
2020-11-13,0.404281313333333
2020-11-14,0.408853296666667
2020-11-15,0.412245413333333
2020-11-16,0.403455406666667
2020-11-17,0.388766066666667
2020-11-18,0.376377466666667
2020-11-19,0.36210108
2020-11-20,0.360921213333333
2020-11-21,0.37625948
2020-11-22,0.532060873333333
2020-11-23,0.62332356
2020-11-24,0.601260053333333
2020-11-25,1.01462634
2020-11-26,1.18201992333333
2020-11-27,1.04238270333333
2020-11-28,0.859739343333333
2020-11-29,0.73349361
2020-11-30,0.65668429
2020-12-01,0.599844213333333
2020-12-02,0.598044916666667
2020-12-03,0.764966553333333
2020-12-04,1.0247142
2020-12-05,0.99922908
2020-12-06,0.89348353
2020-12-07,0.798297786666667
2020-12-08,0.722579843333333
2020-12-09,0.66792252
2020-12-10,0.62580128
2020-12-11,0.603029853333333
2020-12-12,0.577869196666667
2020-12-13,0.586465551304348
2020-12-14,0.61429758
2020-12-15,0.578311646666667
2020-12-16,0.562825896666667
2020-12-17,0.556041663333333
2020-12-18,0.563268346666667
2020-12-19,0.59836938
2020-12-20,0.6273941
2020-12-21,0.63252652
2020-12-22,0.62049188
2020-12-23,0.60633348
2020-12-24,0.588871453333333
2020-12-25,0.557693476666667
2020-12-26,0.535393996666667
2020-12-27,0.526397513333333
2020-12-28,0.514008913333333
2020-12-29,0.503537596666667
2020-12-30,0.647540323333333
2020-12-31,0.94994015
2021-01-01,8.78413683
2021-01-02,5.3456809
2021-01-03,3.77290580869565
2021-01-04,2.94807384666667
2021-01-05,2.37017515333333
2021-01-06,2.01653961666667
2021-01-07,2.90468425
2021-01-08,2.91388721
2021-01-09,2.58452743
2021-01-10,2.32516324
2021-01-11,2.04464994
2021-01-12,1.78596417333333
2021-01-13,1.60169849666667
2021-01-14,1.47742904
2021-01-15,1.33611051
2021-01-16,1.23378657333333
2021-01-17,1.14370375333333
2021-01-18,1.06282389333333
2021-01-19,0.992208873333333
2021-01-20,0.92994141
2021-01-21,0.891949703333333
2021-01-22,0.856022763333333
2021-01-23,0.818473506666667
2021-01-24,0.806910813333333
2021-01-25,3.35592425666667
2021-01-26,3.80801966666667
2021-01-27,2.9352133
2021-01-28,2.47825094
2021-01-29,2.13974719333333
2021-01-30,1.98783936
2021-01-31,2.05358743
2021-02-01,1.86126916333333
2021-02-02,1.71098364666667
2021-02-03,1.61332018333333
2021-02-04,1.54096486
2021-02-05,1.44368485333333
2021-02-06,1.34177387
2021-02-07,1.25638102
2021-02-08,1.17252199666667
2021-02-09,1.10046164
2021-02-10,1.04253018666667
2021-02-11,0.96639929
2021-02-12,0.908644816666667
2021-02-13,0.860978203333333
2021-02-14,0.816084276666667
2021-02-15,0.78384442
2021-02-16,0.75950967
2021-02-17,0.738478546666667
2021-02-18,0.72137048
2021-02-19,0.707625033333333
2021-02-20,0.69889402
2021-02-21,0.737092203333333
2021-02-22,1.04146830666667
2021-02-23,1.23824057
2021-02-24,1.20635467333333
2021-02-25,1.11181785666667
2021-02-26,1.03471357
2021-02-27,0.97834544
2021-02-28,0.95064807
2021-03-01,0.910060656666667
2021-03-02,0.855108366666667
2021-03-03,0.810096453333333
2021-03-04,0.781956633333333
2021-03-05,0.805465476666667
2021-03-06,0.746826103333333
2021-03-07,0.713907823333333
2021-03-08,0.685856493333333
2021-03-09,0.65588788
2021-03-10,0.636233785263158
2021-03-11,0.65606486
2021-03-12,0.65898503
2021-03-13,5.16129723666667
2021-03-14,6.57319109565217
2021-03-15,10.60180992
2021-03-16,5.94682607157895
2021-03-17,4.66843743333333
2021-03-18,5.39759503333333
2021-03-19,4.22480756666667
2021-03-20,3.56201746666667
2021-03-21,3.09950973333333
2021-03-22,2.68811972333333
2021-03-23,2.48739490666667
2021-03-24,2.21832631333333
2021-03-25,2.27059440666667
2021-03-26,3.20127323333333
2021-03-27,2.82162163666667
2021-03-28,2.55600415333333
2021-03-29,2.26263030666667
2021-03-30,2.044119
2021-03-31,1.84062149666667
2021-04-01,1.66269760333333
2021-04-02,1.50604080666667
2021-04-03,1.39566428
2021-04-04,1.31360455333333
2021-04-05,1.25054068
2021-04-06,1.1919603
2021-04-07,1.18458613333333
2021-04-08,1.13824687
2021-04-09,1.09447381666667
2021-04-10,2.16809349
2021-04-11,1.73950692333333
2021-04-12,1.48182404333333
2021-04-13,1.32962124333333
2021-04-14,1.42283071
2021-04-15,1.43743156
2021-04-16,1.42634081333333
2021-04-17,1.42218178333333
2021-04-18,1.38557642
2021-04-19,1.32581617333333
2021-04-20,1.26487606
2021-04-21,1.18458613333333
2021-04-22,1.10175949333333
2021-04-23,1.04960938666667
2021-04-24,1.17827384666667
2021-04-25,1.33661195333333
2021-04-26,1.26567247
2021-04-27,1.18904013
2021-04-28,17.7191786066667
2021-04-29,14.4955469
2021-04-30,6.8057659
2021-05-01,4.7058982
2021-05-02,3.67528466666667
2021-05-03,2.99883949276596
2021-05-04,3.14104104
2021-05-05,3.51095006117647
2021-05-06,2.85055786666667
2021-05-07,2.62644219333333
2021-05-08,2.47435738
2021-05-09,2.33020717
2021-05-10,2.20098227333333
2021-05-11,2.11213831333333
2021-05-12,2.03845564
2021-05-13,1.96323914
2021-05-14,1.89707811666667
2021-05-15,1.82236306
2021-05-16,1.74567172666667
2021-05-17,1.68818272333333
2021-05-18,1.64098805666667
2021-05-19,1.61190434333333
2021-05-20,1.56403125333333
2021-05-21,1.50179328666667
2021-05-22,1.53055253666667
2021-05-23,1.60857122
2021-05-24,1.56043266
2021-05-25,1.50489043666667
2021-05-26,1.47253259333333
2021-05-27,1.56633199333333
2021-05-28,4.79851773333333
2021-05-29,3.442261
2021-05-30,2.78563570333333
2021-05-31,2.36687152666667
2021-06-01,5.82235138021053
2021-06-02,5.51939142736842
2021-06-03,4.26993746666667
2021-06-04,3.52662146666667
2021-06-05,2.94996163333333
2021-06-06,2.53273128333333
2021-06-07,2.23325162666667
2021-06-08,2.02291089666667
2021-06-09,1.80714278
2021-06-10,1.65163635333333
2021-06-11,1.51931430666667
2021-06-12,1.41179895666667
2021-06-13,1.30906206666667
2021-06-14,1.22257784
2021-06-15,1.15517795666667
2021-06-16,1.09403136666667
2021-06-17,1.03913807
2021-06-18,0.99604344
2021-06-19,0.958730156666667
2021-06-20,0.916874386666667
2021-06-21,0.914780123333333
2021-06-22,0.890592856666667
2021-06-23,0.853781016666667
2021-06-24,0.825906666666667
2021-06-25,0.79782584
2021-06-26,0.800863996666667
2021-06-27,2.47453436
2021-06-28,2.48795534333333
2021-06-29,2.90586411666667
2021-06-30,2.64856469333333
2021-07-01,10.2565809333333
2021-07-02,7.1517618
2021-07-03,4.36232615652174
2021-07-04,3.29800347234043
2021-07-05,2.59593518821053
2021-07-06,2.10022166
2021-07-07,1.78333897
2021-07-08,1.54895845666667
2021-07-09,1.37693389666667
2021-07-10,1.26095300333333
2021-07-11,1.19901000333333
2021-07-12,1.12883743333333
2021-07-13,1.05990372333333
2021-07-14,0.9751598
2021-07-15,0.896610176666667
2021-07-16,0.995984446666667
2021-07-17,43.6007928
2021-07-18,18.2171413333333
2021-07-19,5.83119603333333
2021-07-20,2.90403532333333
2021-07-21,1.94574761666667
2021-07-22,1.52441818150538
2021-07-23,1.24617517333333
2021-07-24,1.04146830666667
2021-07-25,0.902126053333333
2021-07-26,0.806848054468085
2021-07-27,0.725205046666667
2021-07-28,0.65721523
2021-07-29,0.60686442
2021-07-30,0.554861796666667
2021-07-31,0.512385044210526
2021-08-01,0.49846417
2021-08-02,0.46085592
2021-08-03,0.439913286666667
2021-08-04,0.417554813333333
2021-08-05,0.398883423333333
2021-08-06,0.39316107
2021-08-07,0.372395416666667
2021-08-08,0.347706706666667
2021-08-09,0.332250453333333
2021-08-10,0.315407856666667
2021-08-11,0.29661848
2021-08-12,0.277357156666667
2021-08-13,0.26971752
2021-08-14,0.27423051
2021-08-15,0.282005831333333
2021-08-16,0.274590369333333
2021-08-17,0.263316743333333
2021-08-18,0.258143028
2021-08-19,0.266107128
2021-08-20,0.263517320666667
2021-08-21,0.25582459
2021-08-22,0.291881315333333
2021-08-23,0.323881957274725
2021-08-24,0.25405479
2021-08-25,0.219233975
2021-08-26,0.202931167333333
2021-08-27,0.190858181666667
2021-08-28,0.181864648
2021-08-29,0.176366469333333
2021-08-30,0.170154471333333
2021-08-31,0.166216666333333
2021-09-01,0.164676940333333
2021-09-02,0.16423744
2021-09-03,0.163735996666667
2021-09-04,0.162482388333333
2021-09-05,0.161730223333333
2021-09-06,0.161529646
2021-09-07,0.161040001333333
2021-09-08,0.160426470666667
2021-09-09,0.159809990333333
2021-09-10,0.159134516666667
2021-09-11,0.158718613666667
2021-09-12,0.158376452333333
2021-09-13,0.157624287333333
2021-09-14,0.156830827
2021-09-15,0.157140542
2021-09-16,0.157553495333333
2021-09-17,0.155556571
2021-09-18,0.154951889333333
2021-09-19,0.155264554
2021-09-20,0.159355741666667
2021-09-21,0.308458442
2021-09-22,0.391243786666667
2021-09-23,0.34183687
2021-09-24,0.30183939
2021-09-25,0.272133297
2021-09-26,0.248046319
2021-09-27,0.230678681666667
2021-09-28,0.215800563
2021-09-29,0.200913595333333
2021-09-30,0.197005287
2021-10-01,0.238232778
2021-10-02,0.37643646
2021-10-03,0.424958476666667
2021-10-04,0.402128056666667
2021-10-05,0.37360478
2021-10-06,0.344344086666667
2021-10-07,0.334728173333333
2021-10-08,0.31228121
2021-10-09,0.29812281
2021-10-10,0.272504955
2021-10-11,0.269923996666667
2021-10-12,0.313879929333333
2021-10-13,0.399296376666667
2021-10-14,0.52394929
2021-10-15,0.715854603333333
2021-10-16,0.969112983333333
2021-10-17,0.7273878
2021-10-18,0.51598519
2021-10-19,0.427091213913044
2021-10-20,0.377203373333333
2021-10-21,0.339683613333333
2021-10-22,0.315260373333333
2021-10-23,0.29414076
2021-10-24,0.279386527333333
2021-10-25,0.275835128666667
2021-10-26,0.271121561333333
2021-10-27,0.315307568
2021-10-28,0.844755036666667
2021-10-29,1.90185657666667
2021-10-30,1.76130496
2021-10-31,1.31372254
2021-11-01,1.02220698333333
2021-11-02,0.842896746666667
2021-11-03,0.78172066
2021-11-04,0.69747818
2021-11-05,0.61987245
2021-11-06,0.56580506
2021-11-07,0.532916276666667
2021-11-08,0.507903103333333
2021-11-09,0.48342087
2021-11-10,0.471622203333333
2021-11-11,0.55810643
2021-11-12,0.782900526666667
2021-11-13,0.763698196666667
2021-11-14,0.689455086666667
2021-11-15,0.634709273333333
2021-11-16,0.60120106
2021-11-17,0.5716454
2021-11-18,0.547900583333333
2021-11-19,0.510262836666667
2021-11-20,0.48253597
2021-11-21,0.46528042
2021-11-22,0.45280333
2021-11-23,0.442155033333333
2021-11-24,0.43404345
2021-11-25,0.565392106666667
2021-11-26,0.673025443333333
2021-11-27,0.667686546666667
2021-11-28,0.58863548
2021-11-29,0.545481856666667
2021-11-30,0.513359986666667
2021-12-01,0.483125903333333
2021-12-02,0.46218327
2021-12-03,0.447110473333333
2021-12-04,0.43590174
2021-12-05,0.43368949
2021-12-06,0.652407273333333
2021-12-07,1.01276805
2021-12-08,0.89604974
2021-12-09,0.789448786666667
2021-12-10,0.724703603333333
2021-12-11,0.685325553333333
2021-12-12,0.654000093333333
2021-12-13,0.600345656666667
2021-12-14,0.5592568
2021-12-15,0.54173578
2021-12-16,0.614179593333333
2021-12-17,7.41071303666667
2021-12-18,20.8691803574468
2021-12-19,6.43868629565217
2021-12-20,3.70650255058824
2021-12-21,2.6436037655814
2021-12-22,2.11110072470588
2021-12-23,1.70045601818182
2021-12-24,1.44042413090909
2021-12-25,1.30211111304348
2021-12-26,1.17121431111111
2021-12-27,1.06796509957447
2021-12-28,1.00327012333333
2021-12-29,0.976723123333333
2021-12-30,0.92781765
2021-12-31,0.88923601
2022-01-01,1.08621475
2022-01-02,1.71974415666667
2022-01-03,1.44215102666667
2022-01-04,1.3530121
2022-01-05,1.26384367666667
2022-01-06,1.15423406333333
2022-01-07,1.04896046
2022-01-08,0.99683985
2022-01-09,0.948760283333333
2022-01-10,0.878410733333334
2022-01-11,0.827705963333333
2022-01-12,0.795112146666667
2022-01-13,0.770334946666667
2022-01-14,0.746341426526316
2022-01-15,0.76030608
2022-01-16,0.728597163333333
2022-01-17,0.694208707368421
2022-01-18,0.672641986666667
2022-01-19,0.679721186666667
2022-01-20,0.657510196666667
2022-01-21,0.623618526666667
2022-01-22,0.61022704
2022-01-23,0.60580254
2022-01-24,0.60651046
2022-01-25,0.59783844
2022-01-26,0.578075673333333
2022-01-27,0.566483483333333
2022-01-28,0.55580569
2022-01-29,0.543181116666667
2022-01-30,0.539759503333333
2022-01-31,0.53129396
2022-02-01,0.54129333
2022-02-02,0.64748133
2022-02-03,0.658159123333333
2022-02-04,0.62686316
2022-02-05,0.6061565
2022-02-06,0.627866046666667
2022-02-07,0.687596796666667
2022-02-08,0.800981983333333
2022-02-09,0.924602513333333
2022-02-10,0.941297626666667
2022-02-11,0.92312768
2022-02-12,0.896728163333333
2022-02-13,0.833782276666667
2022-02-14,0.792899896666667
2022-02-15,0.75915571
2022-02-16,0.737534653333333
2022-02-17,0.785997676666667
2022-02-18,0.799005706666667
2022-02-19,0.78977325
2022-02-20,0.754937686666667
2022-02-21,0.750454193333333
2022-02-22,0.77472995
2022-02-23,0.765644976666667
2022-02-24,0.746206673333333
2022-02-25,0.70907037
2022-02-26,0.701165263333333
2022-02-27,0.761869403333333
2022-02-28,0.882540266666667
2022-03-01,0.959998513333333
2022-03-02,0.959290593333333
2022-03-03,0.928289596666667
2022-03-04,0.89427994
2022-03-05,0.866110623333333
2022-03-06,0.864606293333333
2022-03-07,1.12211219333333
2022-03-08,1.15632832666667
2022-03-09,1.05949077
2022-03-10,1.00807808
2022-03-11,0.971413723333333
2022-03-12,0.918201736666667
2022-03-13,0.861569419130435
2022-03-14,0.829033313333333
2022-03-15,0.799271176666667
2022-03-16,0.760778026666667
2022-03-17,0.734496496666667
2022-03-18,0.772753673333333
2022-03-19,0.836525466666667
2022-03-20,0.799035203333333
2022-03-21,0.82764697
2022-03-22,17.7625977
2022-03-23,7.67267293333333
2022-03-24,4.89497183333333
2022-03-25,3.79061663333333
2022-03-26,3.02157954
2022-03-27,2.43079080333333
2022-03-28,1.97978677
2022-03-29,1.66883291
2022-03-30,1.82050477
2022-03-31,2.96355959666667
2022-04-01,2.52718591
2022-04-02,2.29416224333333
2022-04-03,1.98143858333333
2022-04-04,1.84554744
2022-04-05,1.69089641666667
2022-04-06,1.58096234
2022-04-07,1.38250876666667
2022-04-08,1.22785774333333
2022-04-09,1.13801089666667
2022-04-10,1.06087711333333
2022-04-11,2.61172335666667
2022-04-12,3.89916436666667
2022-04-13,3.12065884333333
2022-04-14,2.71336887
2022-04-15,2.25354533333333
2022-04-16,2.12381899333333
2022-04-17,2.38058747666667
2022-04-18,1.97279606
2022-04-19,1.66496884666667
2022-04-20,1.46577785666667
2022-04-21,1.36646634553191
2022-04-22,1.19042647333333
2022-04-23,1.14337929
2022-04-24,1.24484782333333
2022-04-25,5.24229508333333
2022-04-26,4.08676316666667
2022-04-27,3.24020883333333
2022-04-28,2.69800110666667
2022-04-29,2.27628726333333
2022-04-30,1.96143984333333
2022-05-01,1.66437891333333
2022-05-02,1.73375507333333
2022-05-03,2.53429460666667
2022-05-04,5.37016313333333
2022-05-05,121.517022350515
2022-05-06,27.5074114666667
2022-05-07,15.8845449333333
2022-05-08,10.1489181
2022-05-09,7.2340575
2022-05-10,5.49817866666667
2022-05-11,4.37966506666667
2022-05-12,3.59416883333333
2022-05-13,2.95046307666667
2022-05-14,2.52267292
2022-05-15,2.39232715
2022-05-16,2.17387483666667
2022-05-17,1.85749359
2022-05-18,1.70004038333333
2022-05-19,1.65455652333333
2022-05-20,1.55465131333333
2022-05-21,20.43065969
2022-05-22,10.2477319333333
2022-05-23,5.8500739
2022-05-24,4.70825793333333
2022-05-25,8.1623176
2022-05-26,8.68853813333333
2022-05-27,7.4349298
2022-05-28,5.65067643333333
2022-05-29,4.57375313333333
2022-05-30,3.73575283333333
2022-05-31,3.13549566666667
2022-06-01,2.69614281666667
2022-06-02,2.34772819
2022-06-03,2.0600472
2022-06-04,1.83442719666667
2022-06-05,1.70691310666667
2022-06-06,1.87457216
2022-06-07,1.69620581666667
2022-06-08,1.88061897666667
2022-06-09,2.67363686
2022-06-10,2.05727451333333
2022-06-11,1.73272269
2022-06-12,1.51955028
2022-06-13,1.35315958333333
2022-06-14,1.21647203
2022-06-15,1.10500412666667
2022-06-16,1.02610054333333
2022-06-17,0.96825758
2022-06-18,0.91242039
2022-06-19,0.856524206666667
2022-06-20,0.80906407
2022-06-21,0.766736353333333
2022-06-22,0.732579213333333
2022-06-23,0.705206306666667
2022-06-24,0.666919633333333
2022-06-25,0.62854447
2022-06-26,0.590651513043478
2022-06-27,0.555835186666667
2022-06-28,0.530047405217391
2022-06-29,0.51262257
2022-06-30,0.493892186666667
2022-07-01,0.47749957106383
2022-07-02,0.46483797
2022-07-03,0.589549876666667
2022-07-04,0.644797133333333
2022-07-05,0.598074413333333
2022-07-06,0.480795666666667
2022-07-07,0.428704553333333
2022-07-08,0.402835976666667
2022-07-09,0.383132203333333
2022-07-10,0.3707731
2022-07-11,0.352072213333333
2022-07-12,0.342161333333333
2022-07-13,0.330746123333333
2022-07-14,0.31705967
2022-07-15,0.298111011333333
2022-07-16,0.283852322666667
2022-07-17,0.275050517333333
2022-07-18,0.268809022666667
2022-07-19,0.257738923666667
2022-07-20,0.242542241
2022-07-21,0.228976724
2022-07-22,0.219685274
2022-07-23,0.212517584
2022-07-24,0.208983883333333
2022-07-25,0.199308976666667
2022-07-26,0.178950377333333
2022-07-27,0.176171791333333
2022-07-28,0.197462485333333
2022-07-29,0.389337532521739
2022-07-30,15.1550923666667
2022-07-31,5.17082466
2022-08-01,2.17682450333333
2022-08-02,1.44725395
2022-08-03,1.04845901666667
2022-08-04,1.01604218
2022-08-05,1.35637472
2022-08-06,1.0317934
2022-08-07,0.798563256666667
2022-08-08,0.652554756666667
2022-08-09,1.01008385333333
2022-08-10,1.13801089666667
2022-08-11,0.949527196666667
2022-08-12,0.740808783333333
2022-08-13,0.62146527
2022-08-14,0.544980413333333
2022-08-15,0.478984827826087
2022-08-16,0.432126166666667
2022-08-17,0.655946873333333
2022-08-18,0.746914593333333
2022-08-19,0.65102093
2022-08-20,0.573916643333333
2022-08-21,0.55182364
2022-08-22,0.52147157
2022-08-23,0.494334636666667
2022-08-24,0.455517023333333
2022-08-25,0.425430423333333
2022-08-26,0.402246043333333
2022-08-27,0.38519697
2022-08-28,0.36581766
2022-08-29,0.36493276
2022-08-30,0.366179314782609
2022-08-31,0.351364293333333
2022-09-01,0.334020253333333
2022-09-02,0.41041662
2022-09-03,0.464808473333333
2022-09-04,0.435695263333333
2022-09-05,0.382660256666667
2022-09-06,0.352426173333333
2022-09-07,0.329212296666667
2022-09-08,0.31316611
2022-09-09,0.294872277333333
2022-09-10,0.284837511333333
2022-09-11,0.269817808666667
2022-09-12,0.258461592
2022-09-13,0.245344424333333
2022-09-14,0.236008729333333
2022-09-15,0.231861498
2022-09-16,0.225802882666667
2022-09-17,0.216411144
2022-09-18,0.209998568666667
2022-09-19,0.201886985333333
2022-09-20,0.195728081333333
2022-09-21,0.189828748
2022-09-22,0.1875988
2022-09-23,0.182740699
2022-09-24,0.179156854
2022-09-25,0.18069658
2022-09-26,0.170068931
2022-09-27,0.168107402666667
2022-09-28,0.164617947
2022-09-29,0.161296622333333
2022-09-30,0.159916178333333
2022-10-01,0.1557424
2022-10-02,0.15255676
2022-10-03,0.153193888
2022-10-04,0.151707256
2022-10-05,0.149866664
2022-10-06,0.146120587333333
2022-10-07,0.144271146333333
2022-10-08,0.141681339
2022-10-09,0.14229192
2022-10-10,0.146486346
2022-10-11,0.151919632
2022-10-12,0.158122781
2022-10-13,0.159220057
2022-10-14,0.164317081
2022-10-15,0.163939523666667
2022-10-16,0.161942599333333
2022-10-17,0.165786015
2022-10-18,0.161579790333333
2022-10-19,0.166042636
2022-10-20,0.159706752
2022-10-21,0.159706752
2022-10-22,0.154255768
2022-10-23,0.150725017
2022-10-24,0.272015310333333
2022-10-25,0.671668596666667
2022-10-26,0.785319253333333
2022-10-27,0.622999096666667
2022-10-28,0.492240373333333
2022-10-29,0.392246673333333
2022-10-30,0.361275173333333
2022-10-31,0.34617288
2022-11-01,0.330126693333333
2022-11-02,0.309479026666667
2022-11-03,0.29768036
2022-11-04,0.30652936
2022-11-05,0.36802991
2022-11-06,0.47687261
2022-11-07,0.480117243333333
2022-11-08,0.412510883333333
2022-11-09,0.369062293333333
2022-11-10,0.347116773333333
2022-11-11,0.36245504
2022-11-12,0.368944306666667
2022-11-13,0.383987606666667
2022-11-14,0.359741346666667
2022-11-15,0.347824693333333
2022-11-16,0.336144013333333
2022-11-17,0.324817293333333
2022-11-18,0.31405101
2022-11-19,0.3026358
2022-11-20,0.29591056
2022-11-21,0.286825586666667
2022-11-22,0.286259250666667
2022-11-23,0.284300672
2022-11-24,0.41546055
2022-11-25,0.52111761
2022-11-26,0.656448316666667
2022-11-27,0.784227876666667
2022-11-28,0.95029411
2022-11-29,0.857320616666667
2022-11-30,0.727446793333333
2022-12-01,0.615860903333333
2022-12-02,0.54173578
2022-12-03,0.495072053333333
2022-12-04,0.46306817
2022-12-05,0.434190933333333
2022-12-06,0.420268506666667
2022-12-07,0.419767063333333
2022-12-08,0.609371636666667
2022-12-09,0.920708953333333
2022-12-10,12.6384713489655
2022-12-11,7.02045770212766
2022-12-12,4.05996284235294
2022-12-13,4.1908864
2022-12-14,5.31241242553192
2022-12-15,3.66979572173913
2022-12-16,2.93618104170213
2022-12-17,2.38296304505263
2022-12-18,1.94456775
2022-12-19,1.62977932333333
2022-12-20,1.39084205075269
2022-12-21,1.20768202333333
2022-12-22,1.10703939666667
2022-12-23,1.00881549666667
2022-12-24,0.92843708
2022-12-25,0.868558846666667
2022-12-26,0.837439863333333
2022-12-27,0.787767476666667
2022-12-28,0.749834763333333
2022-12-29,0.724408636666667
2022-12-30,0.681874443333333
2022-12-31,0.632202056666667
2023-01-01,0.61376664
2023-01-02,0.657274223333333
2023-01-03,1.07683481
2023-01-04,1.03475548631579
2023-01-05,0.955633006666667
2023-01-06,0.85074286
2023-01-07,0.777414146666667
2023-01-08,0.722491353333333
2023-01-09,0.67916075
2023-01-10,0.648661196666667
2023-01-11,0.627158126666667
2023-01-12,0.60544858
2023-01-13,0.575745436666667
2023-01-14,0.538137186666667
2023-01-15,0.521176603333333
2023-01-16,0.517637003333333
2023-01-17,0.507903103333333
2023-01-18,0.61491701
2023-01-19,0.878322243333333
2023-01-20,0.99117649
2023-01-21,0.92551691
2023-01-22,0.869355256666667
2023-01-23,0.82410737
2023-01-24,0.78446385
2023-01-25,0.829210293333333
2023-01-26,0.88445755
2023-01-27,0.974245403333333
2023-01-28,1.00005498666667
2023-01-29,0.991323973333333
2023-01-30,0.980528193333333
2023-01-31,0.938849403333333
2023-02-01,0.859267396666667
2023-02-02,0.81614327
2023-02-03,0.78818043
2023-02-04,0.803518696666667
2023-02-05,1.21281444333333
2023-02-06,1.49878462666667
2023-02-07,1.62550230666667
2023-02-08,20.9487981366667
2023-02-09,18.2138967
2023-02-10,8.72275426666667
2023-02-11,5.76276376666667
2023-02-12,4.265218
2023-02-13,3.40253463829787
2023-02-14,3.00820813617021
2023-02-15,3.04622494638298
2023-02-16,8.23021356363636
2023-02-17,4.55760643950617
2023-02-18,3.06937648744186
2023-02-19,2.47851953317647
2023-02-20,2.29461462905263
2023-02-21,1.91876232112676
2023-02-22,2.3321794060274
2023-02-23,3.15896079807229
2023-02-24,2.40542367
2023-02-25,1.99472978133333
2023-02-26,1.77236621
2023-02-27,1.83477960421053
2023-02-28,1.75396029
2023-03-01,1.62948435666667
2023-03-02,1.50508359225806
2023-03-03,8.52953501090909
2023-03-04,6.66668365432099
2023-03-05,4.17091942564103
2023-03-06,3.09687298782609
2023-03-07,2.41788934193548
2023-03-08,4.54397758909091
2023-03-09,4.22645506341463
2023-03-10,4.64594934084507
2023-03-11,3.56092088470588
2023-03-12,2.8261299072
2023-03-13,2.29310068747253
2023-03-14,1.90551594024096
2023-03-15,1.59872435404255
2023-03-16,1.49931556666667
2023-03-17,2.14803575666667
2023-03-18,1.74758901
2023-03-19,1.51235309333333
2023-03-20,1.35976683666667
2023-03-21,1.28348845666667
2023-03-22,1.19574394610526
2023-03-23,1.70063031666667
2023-03-24,118.104901726316
2023-03-25,16.2696871238095
2023-03-26,7.62688835121951
2023-03-27,5.75860741818182
2023-03-28,4.72544465777778
2023-03-29,4.05962623333333
2023-03-30,3.6095071
2023-03-31,3.29153303333333
2023-04-01,2.91847844378947
2023-04-02,2.65507258947368
2023-04-03,2.46848754333333
2023-04-04,2.30180188
2023-04-05,2.17791588
2023-04-06,2.00698269666667
2023-04-07,1.89383348333333
2023-04-08,1.8113903
2023-04-09,1.73809108333333
2023-04-10,1.67142861666667
2023-04-11,1.61054749666667
2023-04-12,1.55217359333333
2023-04-13,1.50242979368421
2023-04-14,1.46219013052632
2023-04-15,1.41870117666667
2023-04-16,1.35879344666667
2023-04-17,1.32363342
2023-04-18,1.28160067
2023-04-19,1.24018735
2023-04-20,1.21709146
2023-04-21,1.17346589
2023-04-22,1.13762744
2023-04-23,1.11001856
2023-04-24,1.08942988666667
2023-04-25,1.07866360333333
2023-04-26,1.0654196
2023-04-27,1.11102144666667
2023-04-28,1.09925227666667
2023-04-29,1.05211660333333
2023-04-30,1.00026146333333
2023-05-01,0.964747476666667
2023-05-02,0.941297626666667
2023-05-03,0.919086636666666
2023-05-04,0.917788783333333
2023-05-05,0.929911265054945
2023-05-06,0.897524573333333
2023-05-07,0.854518433333333
2023-05-08,0.82260304
2023-05-09,0.800232768
2023-05-10,0.794610703333333
2023-05-11,0.831481536666667
2023-05-12,0.814579946666667
2023-05-13,0.83508013
2023-05-14,1.03969850666667
2023-05-15,1.96477296666667
2023-05-16,2.11564841666667
2023-05-17,1.73301765666667
2023-05-18,1.37997205333333
2023-05-19,1.59998769
2023-05-20,5.14453329777778
2023-05-21,2.86235653333333
2023-05-22,2.01901733666667
2023-05-23,1.58922140666667
2023-05-24,1.32876584
2023-05-25,1.64278735333333
2023-05-26,1.18756529666667
2023-05-27,0.998314683333333
2023-05-28,0.902008066666667
2023-05-29,0.83039016
2023-05-30,0.764052156666667
2023-05-31,0.71305242
2023-06-01,0.66137426
2023-06-02,0.619282516666667
2023-06-03,0.6229696
2023-06-04,0.62527034
2023-06-05,0.596717566666667
2023-06-06,0.55545173
2023-06-07,0.528314796666667
2023-06-08,0.50271169
2023-06-09,0.491502956666667
2023-06-10,0.48457124
2023-06-11,0.502101574736842
2023-06-12,0.480884156666667
2023-06-13,0.474247406666667
2023-06-14,0.49695984
2023-06-15,0.494895073333333
2023-06-16,0.47306754
2023-06-17,0.44917524
2023-06-18,0.530261576666667
2023-06-19,0.5539474
2023-06-20,0.51510029
2023-06-21,0.46625381
2023-06-22,0.432421133333333
2023-06-23,0.411625983333333
2023-06-24,0.393574023333333
2023-06-25,0.383928613333333
2023-06-26,0.37625948
2023-06-27,0.364342826666667
2023-06-28,0.369652226666667
2023-06-29,0.35785356
2023-06-30,0.34484553
2023-07-01,0.3380318
2023-07-02,0.344698046666667
2023-07-03,0.334256226666667
2023-07-04,0.330008706666667
2023-07-05,0.321985613333333
2023-07-06,0.321277693333333
2023-07-07,0.322693533333333
2023-07-08,0.34652684
2023-07-09,0.349122546666667
2023-07-10,0.356555706666667
2023-07-11,0.341099453333333
2023-07-12,0.322575546666667
2023-07-13,0.52368382
2023-07-14,0.79180852
2023-07-15,0.882658253333333
2023-07-16,0.733434616666667
2023-07-17,0.584859906666667
2023-07-18,0.52085214
2023-07-19,0.470353846666667
2023-07-20,0.409118766666667
2023-07-21,0.416896371612903
2023-07-22,0.405431683333333
2023-07-23,0.387822173333333
2023-07-24,0.351718253333333
2023-07-25,0.320717256666667
2023-07-26,0.298624253333333
2023-07-27,0.280433659
2023-07-28,0.259137065666667
2023-07-29,0.243610020333333
2023-07-30,0.232472079
2023-07-31,0.222354722333333
2023-08-01,0.212830248666667
2023-08-02,0.201748351
2023-08-03,0.189778603666667
2023-08-04,0.181773208333333
2023-08-05,0.194321804463158
2023-08-06,0.2205595552
2023-08-07,0.216853594
2023-08-08,0.223493293666667
2023-08-09,0.223755814
2023-08-10,0.211738872
2023-08-11,0.202087562666667
2023-08-12,0.198783936
2023-08-13,1.56357148593548
2023-08-14,4.38522906947368
2023-08-15,2.13095718666667
2023-08-16,1.21098565
2023-08-17,0.869974686666667
2023-08-18,0.670016783333333
2023-08-19,0.55120421
2023-08-20,0.471710693333333
2023-08-21,0.414605146666667
2023-08-22,0.372837866666667
2023-08-23,0.337205893333333
2023-08-24,0.307561743333333
2023-08-25,0.281362804
2023-08-26,0.262729759666667
2023-08-27,0.246376807666667
2023-08-28,0.229861624
2023-08-29,0.219331314
2023-08-30,0.211013254
2023-08-31,0.20184569
2023-09-01,0.193748855
2023-09-02,0.184094596
2023-09-03,0.173815007666667
2023-09-04,0.163140164
2023-09-05,0.157962557617021
2023-09-06,0.204423698666667
2023-09-07,0.229180251
2023-09-08,0.272451861
2023-09-09,0.236964421333333
2023-09-10,0.220216214
2023-09-11,0.213844934
2023-09-12,0.226487205333333
2023-09-13,0.219331314
2023-09-14,0.215614734
2023-09-15,0.204388302666667
2023-09-16,0.192763666333333
2023-09-17,0.180192187
2023-09-18,0.175997761
2023-09-19,0.173537739
2023-09-20,0.305682805666667
2023-09-21,0.364991753333333
2023-09-22,0.488877753333333
2023-09-23,0.445429163333333
2023-09-24,32.2095930866667
2023-09-25,5.3147094
2023-09-26,2.67446276666667
2023-09-27,1.76024308
2023-09-28,1.29319286
2023-09-29,0.98427427
2023-09-30,0.794581206666667
2023-10-01,0.674972223333333
2023-10-02,0.584063496666667
2023-10-03,0.51545425
2023-10-04,0.55863737
2023-10-05,3.94453024
2023-10-06,1.52521364
2023-10-07,1.02562859666667
2023-10-08,0.843368693333333
2023-10-09,0.71163658
2023-10-10,0.60978459
2023-10-11,0.53695732
2023-10-12,0.47828845
2023-10-13,0.43652117
2023-10-14,0.403573393333333
2023-10-15,0.38218831
2023-10-16,0.363752893333333
2023-10-17,0.34723476
2023-10-18,0.330480653333333
2023-10-19,0.31670571
2023-10-20,0.30723728
2023-10-21,0.29768036
2023-10-22,0.285501186333333
2023-10-23,0.276596142666667
2023-10-24,0.27546937
2023-10-25,0.270528678333333
2023-10-26,0.27042544
2023-10-27,0.275755487666667
2023-10-28,0.331454043333333
2023-10-29,0.5114722
2023-10-30,0.776381763333333
2023-10-31,0.869207773333333
2023-11-01,0.76473058
2023-11-02,0.66792252
2023-11-03,0.599401763333333
2023-11-04,0.545776823333333
2023-11-05,0.50713619
2023-11-06,0.476548146666667
2023-11-07,0.454455143333333
2023-11-08,0.437170096666667
2023-11-09,0.415961993333333
2023-11-10,0.39678916
2023-11-11,0.380742973333333
2023-11-12,0.365758666666667
2023-11-13,0.357617586666667
2023-11-14,0.36528672
2023-11-15,0.35112832
2023-11-16,0.334728173333333
2023-11-17,0.324817293333333
2023-11-18,0.317384133333333
2023-11-19,0.321985613333333
2023-11-20,0.96153234
2023-11-21,4.07390262
2023-11-22,2.16632369
2023-11-23,1.62125478666667
2023-11-24,1.28331147666667
2023-11-25,1.04677770666667
2023-11-26,0.90596062
2023-11-27,0.793194863333333
2023-11-28,0.71013225
2023-11-29,0.64456116
2023-11-30,0.634532293333333
2023-12-01,1.02430124666667
2023-12-02,1.36366039666667
2023-12-03,1.27257469
2023-12-04,1.13600512333333
2023-12-05,1.00371257333333
2023-12-06,0.88808564
2023-12-07,0.802987756666667
2023-12-08,0.747887983333333
2023-12-09,0.702404123333333
2023-12-10,0.650077036666667
2023-12-11,0.597366493333333
2023-12-12,0.557899953333333
2023-12-13,0.526191036666667
2023-12-14,0.498226644210526
2023-12-15,0.488877753333333
2023-12-16,0.527518386666667
2023-12-17,0.514097403333333
2023-12-18,0.491532453333333
2023-12-19,0.466312803333333
2023-12-20,0.44528168
2023-12-21,0.435872243333333
2023-12-22,0.630107793333333
2023-12-23,1.48748740333333
2023-12-24,1.87300883666667
2023-12-25,28.3132231410526
2023-12-26,8.38385930105263
2023-12-27,5.39847993333333
2023-12-28,4.01184163333333
2023-12-29,3.18038959333333
2023-12-30,2.58019142
2023-12-31,2.1662352
2024-01-01,1.87064910333333
2024-01-02,1.63827436333333
2024-01-03,1.45917060333333
2024-01-04,1.33032916333333
2024-01-05,1.26222136
2024-01-06,1.17449827333333
2024-01-07,1.10001919
2024-01-08,1.26213762752688
2024-01-09,3.87638917446808
2024-01-10,2.91550952666667
2024-01-11,2.48114161333333
2024-01-12,2.48659849666667
2024-01-13,2.28490029
2024-01-14,1.98515516333333
2024-01-15,1.78516776333333
2024-01-16,1.60647695666667
2024-01-17,1.46132386
2024-01-18,1.36454529666667
2024-01-19,1.26758975333333
2024-01-20,1.15337866
2024-01-21,1.07479954
2024-01-22,1.09502912347826
2024-01-23,3.73967589
2024-01-24,2.59564767333333
2024-01-25,2.11266925333333
2024-01-26,1.96377008
2024-01-27,1.85557630666667
2024-01-28,1.72983201666667
2024-01-29,1.62331955333333
2024-01-30,1.50940342666667
2024-01-31,1.41595798666667
2024-02-01,1.32991621
2024-02-02,1.26434512
2024-02-03,1.24617517333333
2024-02-04,2.59234404666667
2024-02-05,4.36365069662921
2024-02-06,3.66466586666667
2024-02-07,3.08165949247312
2024-02-08,2.63110266666667
2024-02-09,2.25463671
2024-02-10,1.96701471333333
2024-02-11,1.74599619
2024-02-12,1.83235969319588
2024-02-13,2.20245710666667
2024-02-14,2.36687152666667
2024-02-15,2.43819446666667
2024-02-16,2.27342608666667
2024-02-17,2.04724564666667
2024-02-18,1.83186098666667
2024-02-19,1.68260785333333
2024-02-20,1.55506426666667
2024-02-21,1.44347837666667
2024-02-22,1.36746546666667
2024-02-23,1.28832591
2024-02-24,1.20420141666667
2024-02-25,1.13747995666667
2024-02-26,1.08830901333333
2024-02-27,1.05385690666667
2024-02-28,1.0008219
2024-02-29,0.94790488
2024-03-01,0.911063543333333
2024-03-02,0.88773168
2024-03-03,0.866258106666667
2024-03-04,0.84499101
2024-03-05,0.817529613333333
2024-03-06,0.78685308
2024-03-07,0.788239423333333
2024-03-08,0.843870136666667
2024-03-09,1.03867849290323
2024-03-10,1.12602370782609
2024-03-11,1.01713355666667
2024-03-12,0.956423258021978
2024-03-13,0.874251703333333
2024-03-14,0.938908396666667
2024-03-15,2.63674594382979
2024-03-16,2.24475532666667
2024-03-17,1.94745842333333
2024-03-18,1.65095793
2024-03-19,1.42321416666667
2024-03-20,1.28018483
2024-03-21,1.17768391333333
2024-03-22,1.09518173666667
2024-03-23,1.01565872333333
2024-03-24,0.94870129
2024-03-25,0.968493553333333
2024-03-26,0.9176413
2024-03-27,0.864222836666667
2024-03-28,0.809211553333334
2024-03-29,0.7707479
2024-03-30,0.75225349
2024-03-31,0.739215963333333
2024-04-01,0.733995053333333
2024-04-02,1.29655548
2024-04-03,1.58562281333333
2024-04-04,1.38348215666667
2024-04-05,1.19591285333333
2024-04-06,1.05005183666667
2024-04-07,0.982386483333333
2024-04-08,0.905665653333333
2024-04-09,0.875225093333333
2024-04-10,0.840625503333333
2024-04-11,0.81109934
2024-04-12,0.77145582
2024-04-13,0.73552888
2024-04-14,0.709099866666667
2024-04-15,0.688304716666667
2024-04-16,0.67854132
2024-04-17,0.679131253333333
2024-04-18,0.643469783333333
2024-04-19,0.59960824
2024-04-20,0.590729743333333
2024-04-21,0.577161276666667
2024-04-22,0.562294956666667
2024-04-23,0.5539474
2024-04-24,0.55014233
2024-04-25,0.60093559
2024-04-26,0.685148573333333
2024-04-27,0.77464146
2024-04-28,6.89531778
2024-04-29,17.4383289191489
2024-04-30,5.47497876210526
2024-05-01,6.04966076631579
2024-05-02,5.06901168172043
2024-05-03,3.23675772333333
2024-05-04,2.34773098442105
2024-05-05,1.84761220666667
2024-05-06,1.5671579
2024-05-07,55.8658312633333
2024-05-08,7.69980986666667
2024-05-09,5.96799898021978
2024-05-10,4.1192095
2024-05-11,3.40391533333333
2024-05-12,2.98172954333333
2024-05-13,2.74873537333333
2024-05-14,2.61661980333333
2024-05-15,2.371532
2024-05-16,2.30935302666667
2024-05-17,2.43946282333333
2024-05-18,2.44406430333333
2024-05-19,2.18257635333333
2024-05-20,3.87859680673684
2024-05-21,3.4086348
2024-05-22,2.82406986
2024-05-23,2.51411888666667
2024-05-24,2.27100736
2024-05-25,2.0786301
2024-05-26,24.0350867027957
2024-05-27,5.9943126
2024-05-28,3.88589086666667
2024-05-29,3.0847614
2024-05-30,2.66874041333333
2024-05-31,2.30498752
2024-06-01,2.0361549
2024-06-02,1.82227457
2024-06-03,1.71411029333333
2024-06-04,1.63193258
2024-06-05,2.83194826442105
2024-06-06,1.99713081
2024-06-07,1.62883543
2024-06-08,1.46580735333333
2024-06-09,1.37082808666667
2024-06-10,1.29236695333333
2024-06-11,1.20785900333333
2024-06-12,1.14662392333333
2024-06-13,1.09063925
2024-06-14,1.04070139333333
2024-06-15,0.99073404
2024-06-16,0.94923223
2024-06-17,0.916461433333333
2024-06-18,0.88622735
2024-06-19,0.83676144
2024-06-20,0.8061439
2024-06-21,0.77534938
2024-06-22,0.7371217
2024-06-23,0.71163658
2024-06-24,0.6857975
2024-06-25,0.659899426666667
2024-06-26,0.775339437303371
2024-06-27,0.734260523333333
2024-06-28,0.663203053333333
2024-06-29,0.616362346666667
2024-06-30,0.59084773
2024-07-01,0.561056096666667
2024-07-02,0.531175973333333
2024-07-03,0.497726753333333
2024-07-04,0.479851773333333
2024-07-05,0.542207726666667
2024-07-06,0.512062133333333
2024-07-07,0.44563564
2024-07-08,0.436376791578947
2024-07-09,0.455782493333333
2024-07-10,0.436550666666667
2024-07-11,0.401715103333333
2024-07-12,0.37829475
2024-07-13,0.374342196666667
2024-07-14,0.35095134
2024-07-15,0.327471993333333
2024-07-16,0.30644087
2024-07-17,0.334905153333333
2024-07-18,0.328799343333333
2024-07-19,0.314375473333333
2024-07-20,0.292373909666667
2024-07-21,0.338012219234043
2024-07-22,0.570111573333333
2024-07-23,0.570288553333333
2024-07-24,0.477639523333333
2024-07-25,0.395402816666667
2024-07-26,0.35820752
2024-07-27,0.348591606666667
2024-07-28,0.321248196666667
2024-07-29,0.297114024
2024-07-30,0.271351635333333
2024-07-31,0.250485693333333
2024-08-01,0.235634121666667
2024-08-02,0.224773449
2024-08-03,0.211597288
2024-08-04,0.204022544
2024-08-05,0.195568799333333
2024-08-06,0.187486712666667
2024-08-07,0.175643801
2024-08-08,0.16706912
2024-08-09,0.159650708333333
2024-08-10,0.157659683333333
2024-08-11,0.159677255333333
2024-08-12,0.184442656666667
2024-08-13,0.190896527333333
2024-08-14,0.184655032666667
2024-08-15,0.172393268333333
2024-08-16,0.170927284
2024-08-17,0.265408057
2024-08-18,0.278793644333333
2024-08-19,0.251680308333333
2024-08-20,0.226956202333333
2024-08-21,0.200010997333333
2024-08-22,0.175525814333333
2024-08-23,0.159975171666667
2024-08-24,0.149822419
2024-08-25,0.142088393
2024-08-26,0.132478379
2024-08-27,0.124186866
2024-08-28,0.11724925
2024-08-29,0.112208269666667
2024-08-30,0.119187181
2024-08-31,0.144046971666667
2024-09-01,0.229354281333333
2024-09-02,0.208122580666667
2024-09-03,0.182870484333333
2024-09-04,0.165930548666667
2024-09-05,0.150335661
2024-09-06,0.141221191
2024-09-07,0.128658560666667
2024-09-08,0.116328954
2024-09-09,0.106338433
2024-09-10,0.0999701026666667
2024-09-11,0.094224152
2024-09-12,0.0920797443333333
2024-09-13,0.0923186673333333
2024-09-14,0.0912213913333333
2024-09-15,0.089348353
2024-09-16,0.087029915
2024-09-17,0.085180474
2024-09-18,0.0835109626666667
2024-09-19,0.082437284
2024-09-20,0.081260367
2024-09-21,0.0776352266666667
2024-09-22,0.0724526623333333
2024-09-23,0.0704852346666667
2024-09-24,0.073411304
2024-09-25,0.0782399083333333
2024-09-26,0.0837410366666667
2024-09-27,0.0839637830736842
2024-09-28,0.079756037
2024-09-29,0.0770718403333333
2024-09-30,0.0729452566666667
2024-10-01,0.070039835
2024-10-02,0.0662377146666667
2024-10-03,0.06424374
2024-10-04,0.06335884
2024-10-05,0.060120106
2024-10-06,0.0588782963333333
2024-10-07,0.0566571973333333
2024-10-08,0.055049629
2024-10-09,0.053872712
2024-10-10,0.053306376
2024-10-11,0.0526574493333333
2024-10-12,0.0523654323333333
2024-10-13,0.052978963
2024-10-14,0.0516840593333333
2024-10-15,0.05176665
2024-10-16,0.051005636
2024-10-17,0.051067579
2024-10-18,0.05097024
2024-10-19,0.0507519646666667
2024-10-20,0.050687072
2024-10-21,0.050687072
2024-10-22,0.050687072
2024-10-23,0.050687072
2024-10-24,0.050687072
2024-10-25,0.050687072
2024-10-26,0.050687072
2024-10-27,0.050687072
2024-10-28,0.050687072
2024-10-29,0.050687072
2024-10-30,0.0518669386666667
2024-10-31,0.0672199536666667
2024-11-01,0.107798518
2024-11-02,0.167190056333333
2024-11-03,0.260198945666667
2024-11-04,0.646566933333333
2024-11-05,1.08149528333333
2024-11-06,0.85888394
2024-11-07,0.633912863333333
2024-11-08,0.48979215
2024-11-09,0.442214026666667
2024-11-10,0.419324613333333
2024-11-11,0.384695526666667
2024-11-12,0.35068587
2024-11-13,0.32219209
2024-11-14,0.299472515368421
2024-11-15,0.282454180666667
2024-11-16,0.266912387
2024-11-17,0.258620874
2024-11-18,0.372032607666667
