SiteName_Q,SiteName_P,Latitude,Longitude,Region,P_Min,P_Max,Q_Min,Q_Max,N_P,N_Q,Baseflow,P_DeliveryIndex,P_MobilizationIndex,QₓP_5,QₓP_10,QₓP_20,QₓP_30,QₓP_40,QₓP_50,QₓP_60,QₓP_70,QₓP_80,QₓP_90,QₓP_95,Qall_5,Qall_10,Qall_20,Qall_30,Qall_40,Qall_50,Qall_60,Qall_70,Qall_80,Qall_90,Qall_95,P_5,P_10,P_20,P_30,P_40,P_50,P_60,P_70,P_80,P_90,P_95,QmatchP_5,QmatchP_10,QmatchP_20,QmatchP_30,QmatchP_40,QmatchP_50,QmatchP_60,QmatchP_70,QmatchP_80,QmatchP_90,QmatchP_95
S017676-WQ958413-1.csv,WQ958413-1.csv,-33.74369,142.26865,Oceania,0.013999796,0.640057045,0.0,21668.0,742.0,6070.0,412.9617574084509,43.837898378578636,11.760228198859002,0.8947511213000001,2.0675127933,5.254755288000001,12.563828871299998,30.828579095600027,49.978497395,90.48758233239997,172.15933825859997,510.3414086210009,1484.9562865290013,2201.7067785813983,0.0,18.0,49.0,99.0,189.0,249.5,393.4000000000001,641.3000000000002,2249.0,5499.700000000003,8350.400000000001,0.038003871,0.045548893800000004,0.068016708,0.13360203549999997,0.160006518,0.207023532,0.25062732139999994,0.290031172,0.335034941,0.3898416645000002,0.44693419539999985,17.0,28.10000000000001,57.20000000000002,113.29999999999998,194.0,244.5,359.7999999999999,554.3999999999992,1647.6000000000001,4733.000000000001,7524.899999999986
S008616-WQ958487-1.csv,WQ958487-1.csv,-38.14,146.919,Oceania,0.010004279,1.57071137961111,0.005,1116.828,643.0,5159.0,1.297216441256473,48.226314580602974,5.9558629776021075,0.00755499765465,0.010894938588,0.0161076820988,0.0268161384484,0.044915334890400005,0.06471102165600001,0.0908243022046,0.13560816909919998,0.2400089717020002,0.7820129941680002,2.8211354153215997,0.082,0.113,0.19359999999999994,0.297,0.452,0.612,0.8228000000000001,1.2342,1.8387999999999995,3.212400000000005,6.040500000000009,0.047017014,0.059994701,0.080003259,0.094003055,0.110016096,0.120020375,0.140028933,0.160006518,0.190019355,0.240009777,0.280026893,0.082,0.099,0.13640000000000002,0.2422,0.42079999999999995,0.587,0.7425999999999999,1.058,1.829200000000001,4.68780000000001,15.519999999999996
S003627-WQ958724-1.csv,WQ958724-1.csv,-26.84,29.72361,Africa,0.015,0.497,2.646,708.267,493.0,4082.0,5.448036215929634,28.994994829202074,10.213235294117633,0.10609920000000002,0.1488768,0.22142740000000002,0.27389699999999995,0.32477000000000006,0.403152,0.5067318000000001,0.7194503999999999,1.2666598000000007,3.6613792000000003,9.016196399999998,2.9,2.9,3.071,3.5423,4.282342857142856,4.77,5.282,6.108099999999999,7.241800000000001,16.31800000000001,35.571099999999866,0.027200000000000002,0.035,0.046,0.059,0.071,0.083,0.095,0.11339999999999997,0.146,0.20080000000000003,0.2777999999999996,2.9926000000000004,3.1336000000000004,3.6796,4.3464,4.744800000000001,5.141,5.8073999999999995,6.694599999999998,8.288400000000003,21.14860000000001,42.870399999999975
S003907-WQ958726-1.csv,WQ958726-1.csv,-25.77703,27.76111,Africa,0.011,2.289,0.0,146.131,1004.0,13925.0,0.4934192677231761,30.974632397618173,13.269972451790624,0.0016966,0.0022546,0.0037028000000000004,0.006093899999999999,0.009839600000000002,0.014863,0.022682599999999997,0.03533629999999996,0.0635048,0.18197210000000005,0.42268739999999994,0.015,0.02,0.053,0.107,0.171,0.278,0.404,0.576,0.887,1.6176000000000004,2.729799999999999,0.018150000000000006,0.021,0.025,0.03,0.034,0.039,0.044,0.054,0.0704000000000001,0.124,0.2408499999999999,0.05315,0.0723,0.11660000000000004,0.171,0.265,0.375,0.5327999999999999,0.7424999999999995,1.0668000000000002,2.014000000000003,3.0617999999999976
S003923-WQ958729-1.csv,WQ958729-1.csv,-25.66317,28.35115,Africa,0.011,16.825,0.059,45.987,3789.0,13986.0,0.5548759626658992,3.3047017257207347,14.369200394866732,0.107628,0.172224,0.2608796,0.353172,0.4608360000000001,0.58256,0.7094883000000001,0.866166,1.0687144,1.5294367999999996,2.1520685999999998,0.14,0.18050000000000022,0.27000000000000046,0.362,0.427,0.498,0.626,0.7414999999999982,0.929,1.365,2.1457499999999983,0.4052,0.59,0.88,1.16,1.53,1.9,2.38,3.1479999999999997,3.9624000000000006,4.92,5.8224,0.117,0.129,0.1486,0.17240000000000008,0.212,0.252,0.31,0.39934285714285733,0.5314000000000001,0.9191999999999998,1.4185999999999985
S003654-WQ958742-1.csv,WQ958742-1.csv,-33.13083,18.86278,Africa,0.013,0.61,0.121,672.325,886.0,8927.0,9.826481207460432,23.17023466428096,5.197452229299362,0.046628499999999996,0.07391400000000002,0.128079,0.2148555,0.3500820000000003,0.588786,1.026095,1.6664524999999997,2.7197260000000028,6.7732201666666665,13.150702499999907,1.0653,1.4322000000000001,2.057,2.682,3.617,5.079,8.456399999999999,14.221199999999996,23.811,50.473,84.68789999999998,0.03925000000000001,0.05,0.063,0.073,0.082,0.093,0.105,0.119,0.136,0.1755,0.204,0.9472500000000001,1.323,1.866,2.5439999999999996,3.677,5.614,9.458,15.36872222222219,25.418000000000006,51.85755555555555,81.53749999999998
S003592-WQ958761-1.csv,WQ958761-1.csv,-27.38972,26.46389,Africa,0.03,2.662,0.0,2763.471,1056.0,11896.0,35.029787690868766,25.54915943487446,6.425347222222219,0.25288950000000004,0.456064,0.9130840000000002,1.6091795,2.397195000000001,3.396935,4.511351,6.668699,11.77844200000001,36.0953595,83.72465474999959,3.01725,5.493500000000003,9.797000000000006,14.188499999999996,17.114000000000004,20.6545,24.211999999999996,31.69549999999991,49.899000000000015,113.191,250.42199999999934,0.072,0.086,0.114,0.136,0.158,0.1855,0.22,0.25,0.3100000000000001,0.377,0.46262499999999973,2.5747500000000003,4.447000000000001,7.329,10.6675,14.617,18.369500000000002,22.338,28.49099999999998,46.50700000000006,116.08449999999999,235.73249999999962
S003616-WQ958762-1.csv,WQ958762-1.csv,-27.3,28.58694,Africa,0.018,0.778,0.0,760.36,593.0,5384.0,21.600940280246594,20.220450080186815,8.83076923076923,0.0695516,0.13712000000000002,0.5143944,0.8967222000000015,1.2889392000000002,1.926714,2.9605882999999995,4.227298799999999,6.744277000000002,17.364847400000006,39.47937359999993,0.52915,1.7436999999999996,4.6556,13.515800000000002,17.7548,21.41,26.017,34.5501,49.095999999999975,82.8919,165.62075000000016,0.039,0.046,0.056,0.067,0.084,0.102,0.12519999999999998,0.15839999999999999,0.195,0.2696000000000002,0.34439999999999993,0.8126,2.1168,4.099,12.1382,17.678600000000003,21.907,27.1928,38.1002,50.7712,86.14640000000006,158.97879999999998
S003942-WQ958783-2.csv,WQ958783-2.csv,-26.00639,29.25389,Africa,0.016,0.683,0.0,911.704,408.0,5229.0,1.9566735171165883,69.9939673617239,7.883031301482697,0.00278035,0.0039082,0.007499799999999999,0.013699199999999998,0.025606400000000005,0.052112,0.11673759999999997,0.2122506,0.5564192000000004,1.6936563000000016,3.505029899999987,0.0,0.0,0.008777777777777728,0.056,0.124,0.224,0.432,1.078,2.407599999999997,7.771600000000009,16.817200000000007,0.030350000000000002,0.035,0.043,0.054,0.06480000000000001,0.076,0.091,0.116,0.142,0.18220000000000003,0.23924999999999988,0.06135,0.0944,0.13840000000000002,0.2113,0.3458,0.7224999999999999,1.1975999999999996,2.2163999999999997,4.4290000000000065,13.274000000000001,27.180749999999975
S003915-WQ958805-1.csv,WQ958805-1.csv,-25.81048,27.90955,Africa,0.033,11.284,0.694,400.634,2378.0,8617.0,4.58561988334651,4.228676585419191,5.884516366311145,1.73943325,2.1055932000000004,2.6696880000000007,3.2689396000000004,4.051284800000001,4.92026,5.875079000000001,7.081739999999998,8.4409126,12.034155000000002,18.37094760000002,2.001,2.285,2.834,3.261,3.6644,4.188,4.9186,5.87,7.6558,11.808800000000002,17.5722,0.40784999999999993,0.487,0.6551,0.8190999999999999,1.0,1.19,1.4356,1.67,1.9154000000000013,2.2023,2.4,2.28585,2.583,2.9846000000000004,3.2862,3.562,3.829,4.327,5.114999999999998,6.5076,9.773300000000006,14.794350000000005
S003594-WQ958806-1.csv,WQ958806-1.csv,-27.01011,26.69808,Africa,0.039,0.938,2.519,2955.252,471.0,3431.0,44.695934622976544,27.36299426539475,4.787356321839081,0.6355245,0.88116,1.3024200000000001,1.860496,2.7197940000000003,3.58891,4.675033999999998,6.490176,11.686542,34.42166400000008,84.40238049999999,5.381,6.996,9.148,11.245,13.723,17.699,21.634,29.312,50.82,109.606,229.50799999999998,0.087,0.104,0.132,0.15399999999999997,0.176,0.194,0.221,0.242,0.279,0.35000000000000003,0.4165,6.146,7.383,9.303,11.203,13.894,17.203,21.018,28.606,50.881,105.15000000000006,221.1155
S009409-WQ959048-1.csv,WQ959048-1.csv,49.91778,18.32472,Europe,0.04,1.63,6.22,1830.0,374.0,4000.0,28.070695816050844,4.277481458410394,5.290000000000003,4.2029,5.084099999999999,6.3864,7.3252999999999995,8.38,9.34,10.422,12.091800000000005,14.630199999999999,22.919400000000003,31.313850000000038,10.4,12.9,16.5,19.8,23.9,28.1,33.5,42.2,55.7,87.92999999999998,125.0,0.15,0.19,0.23,0.27,0.31,0.35,0.39,0.47,0.56,0.65,0.7935000000000003,9.965,11.93,15.66,18.689999999999998,22.739999999999995,26.3,32.4,40.809999999999995,52.09999999999998,74.30000000000004,110.05000000000007
S003484-WQ959074-1.csv,WQ959074-1.csv,51.85,6.10167,Europe,0.1,1.15,14.0,10940.0,660.0,6197.0,1779.0601949345044,1.4824831701274992,4.555555555555555,238.42350000000005,330.5160000000001,513.57,800.34,944.6519999999999,1095.8275,1242.2160000000001,1332.9650000000001,1498.914,1812.6640000000007,2366.9144999999985,719.6000000000001,1104.6,1358.0,1559.0,1764.0,1967.0,2238.0,2552.0,3028.6000000000004,3878.4000000000005,4837.4,0.18,0.22,0.28,0.34699999999999986,0.42,0.48,0.54,0.59,0.65,0.7410000000000002,0.82,925.7,1174.1,1405.8000000000002,1650.4499999999998,1850.8000000000002,2038.5,2338.9,2649.049999999999,3123.0,3933.25,4986.449999999998
S018450-WQ963259-1.csv,WQ963259-1.csv,51.20143,-1.36669,Europe,0.018,0.171,2.46,21.3,564.0,5552.0,5.351181679784544,2.249252255078325,2.992910254193324,0.11412100000000001,0.133917,0.1712016,0.2045707,0.23736047999999998,0.270324,0.3068352,0.35040959999999993,0.41135160000000004,0.5118913999999999,0.6216639499999995,3.077,3.3491000000000004,3.725,4.08,4.411,4.836,5.2585999999999995,6.03,7.1496,8.47,10.064499999999999,0.028915,0.0336,0.039,0.043,0.047240000000000004,0.05215,0.0569,0.06141,0.06752000000000001,0.0766,0.08653999999999996,3.0843,3.3264,3.8,4.1514999999999995,4.5134,4.9405,5.429199999999999,6.3305,7.2940000000000005,8.3824,9.45
S011004-WQ963261-1.csv,WQ963261-1.csv,51.13014,-1.48498,Europe,0.022,0.64,4.05,36.76,588.0,6468.0,10.557003950577444,2.6028764478024597,2.318255813953488,0.28828852,0.3393304,0.40727201999999996,0.46520861,0.5436736000000001,0.6327035999999999,0.7567784399999999,0.8871479999999998,1.0493640000000002,1.3041254000000002,1.5291734999999997,5.51,6.167000000000001,7.0474,7.8331,8.5716,9.6705,10.99,12.47,14.78,17.855000000000008,21.42,0.043,0.046869999999999995,0.05162,0.05532,0.059,0.06284999999999999,0.06802,0.07308999999999999,0.079,0.08702000000000003,0.09968499999999997,5.8415,6.513400000000001,7.174,7.856,8.628,9.6445,10.771999999999998,12.497,14.8,17.6,20.4695
S018880-WQ963523-1.csv,WQ963523-1.csv,54.62804,-2.83795,Europe,0.02,0.796666666666667,0.019,50.1,958.0,6096.0,0.45674894564276364,31.48732481167776,10.267599927979829,0.003909980000000001,0.005175800000000001,0.008253840000000002,0.01328141,0.02092208000000002,0.037330325,0.07206317999999984,0.14265139999999993,0.2802591000000004,0.5874652500000002,1.0896475833333308,0.038,0.051,0.083,0.144,0.231,0.357,0.514,0.7605,1.25,2.4275000000000047,3.9825,0.02777,0.032,0.039540000000000006,0.047,0.05794000000000002,0.07135,0.08965999999999998,0.11608999999999997,0.15810000000000024,0.225,0.28513124999999984,0.058,0.08270000000000002,0.16580000000000006,0.2741,0.42380000000000007,0.636,0.8995999999999998,1.4,2.2720000000000025,3.9360000000000017,6.040499999999991
S010861-WQ963583-1.csv,WQ963583-1.csv,54.9053,-2.95216,Europe,0.0111,5.19,7.35,1170.0,939.0,6210.0,41.55881791914536,31.502984534229046,15.229999999999974,0.341415,0.45565999999999995,0.6818480000000001,1.0272119999999998,1.4895760000000007,2.33,3.8615419999999956,7.357490285714283,13.871866666666673,32.16036666666664,64.97636249999987,11.3,13.6,18.1,23.3,29.5,37.5,47.6,63.1,87.8,134.0,192.55000000000018,0.02,0.025,0.03186,0.037,0.04214000000000001,0.0498,0.06,0.07697999999999997,0.10883750000000018,0.18354500000000037,0.3045999999999995,11.9,14.4,20.860000000000003,28.639999999999997,37.2,50.2,67.13999999999999,93.33999999999996,122.0,179.20000000000005,229.0999999999999
S010861-WQ963602-1.csv,WQ963602-1.csv,54.75587,-2.70085,Europe,0.0129,0.275,7.35,1170.0,749.0,6215.0,41.720306626407336,14.290718634000761,4.499999999999995,0.30968039999999997,0.38375600000000004,0.55673,0.695892,0.9253720000000001,1.20376,1.5602879999999995,2.203963999999999,3.666480000000022,7.1064000000000025,13.980799999999945,11.3,13.6,18.1,23.3,29.5,37.5,47.7,63.38000000000002,87.9,134.0,194.0,0.02,0.020160000000000004,0.02476,0.027839999999999997,0.0307,0.033,0.037,0.04265999999999999,0.049240000000000006,0.06502000000000001,0.0899999999999999,11.48,13.68,18.46,24.4,30.220000000000002,37.5,46.559999999999995,62.16,81.46000000000004,123.0,184.5999999999999
S018870-WQ963607-1.csv,WQ963607-1.csv,54.66717,-2.65872,Europe,0.0122,0.54,0.995,449.0,541.0,6086.0,12.670787175098582,11.740466576940308,4.75,0.0816,0.1024,0.1395,0.19039999999999999,0.241368,0.3045,0.44999999999999923,0.6552,0.9655799999999999,1.933560000000002,2.9214499999999948,2.89,3.65,4.99,6.335,8.08,10.1,13.1,17.7,25.5,40.65000000000009,57.675000000000004,0.02,0.02,0.02,0.02,0.0226,0.0254,0.028849999999999997,0.035,0.0447,0.06500000000000011,0.095,3.27,4.19,5.62,7.3599999999999985,9.29,11.7,14.999999999999995,19.9,27.8,40.8,59.4999999999999
S018870-WQ963613-1.csv,WQ963613-1.csv,54.64736,-2.61529,Europe,0.0132,0.563,0.995,449.0,537.0,6098.0,12.69033177458893,14.908463705886582,6.254999999999999,0.0667864,0.0922584,0.131178,0.1822888,0.2622232,0.36079,0.5037119999999999,0.751722,1.286192,2.6979280000000063,4.7439319999999965,2.89,3.65,4.99,6.340999999999999,8.1,10.1,13.2,17.8,25.560000000000038,40.630000000000024,57.61499999999997,0.02,0.02,0.02212,0.025979999999999996,0.02944,0.034,0.03942,0.046079999999999996,0.05998,0.08676,0.1251,2.84,3.758,5.135999999999999,6.323999999999999,8.178,10.4,13.159999999999997,17.839999999999996,24.2,38.880000000000024,56.8
S018880-WQ963616-1.csv,WQ963616-1.csv,54.61301,-2.63782,Europe,0.011,1.0,0.019,50.1,709.0,7591.0,0.4505103896133256,23.123944356408458,9.479999999999997,0.0016155600000000003,0.0025262,0.004843720000000002,0.0077183999999999985,0.012289240000000009,0.0196259,0.027465600000000003,0.045495199999999986,0.07754040000000004,0.20025440000000008,0.4360959999999975,0.037,0.047,0.077,0.133,0.222,0.344,0.502,0.734,1.223,2.4,3.855,0.02,0.020940000000000004,0.03,0.0393,0.04574000000000001,0.0508,0.059379999999999995,0.06817999999999999,0.08788000000000001,0.127,0.18959999999999994,0.053,0.06680000000000001,0.11,0.182,0.26940000000000014,0.392,0.5465999999999993,0.7417999999999998,1.0594000000000001,2.172000000000003,3.4879999999999924
S018871-WQ963621-1.csv,WQ963621-1.csv,54.60536,-2.55582,Europe,0.0106,3.55,0.63,217.0,826.0,8662.0,2.5667050425376274,23.23191169565629,4.688749999999994,0.020802625,0.0256,0.03286,0.041766,0.0525,0.068456,0.09370799999999999,0.13019949999999986,0.20862000000000014,0.5552629999999998,1.1755349999999951,0.84105,0.981,1.2,1.43,1.69,2.03,2.54,3.4060999999999995,5.21,10.2,17.296999999999937,0.02,0.02,0.0206,0.0242,0.027900000000000008,0.0312,0.0358,0.042,0.05170000000000004,0.0689,0.09377499999999989,0.8635,1.0,1.2200000000000002,1.48,1.7330000000000003,2.105,2.66,3.54,5.250000000000001,9.665,17.872499999999942
S018833-WQ963734-1.csv,WQ963734-1.csv,53.86409,-2.81799,Europe,0.049,2.808125,0.391,151.0,1138.0,8647.0,3.5740127764783,29.464159012880987,7.380053309640157,0.22762030000000003,0.2966121,0.38530200000000003,0.4840279999999999,0.7354240000000001,1.1838899999999999,2.3010479999999998,4.720208,9.059940000000005,17.299239999999998,29.35957249999999,0.74,0.9202000000000001,1.33,1.86,2.46,3.27,4.52,6.713599999999998,10.980000000000018,20.9,30.76999999999989,0.11255000000000003,0.141,0.169,0.191,0.217,0.25525,0.31659999999999977,0.4,0.5016000000000002,0.6696,0.8306249999999998,0.8067000000000001,1.14,1.7740000000000005,2.55,3.584000000000002,5.605,9.132,14.826999999999995,20.9,32.32999999999999,42.71499999999999
S010870-WQ963735-1.csv,WQ963735-1.csv,53.85456,-2.79337,Europe,0.02,3.0,0.041,20.9,421.0,3354.0,0.44412000087792236,14.153406509906919,5.078864353312303,0.108261,0.127,0.14945999999999998,0.16994399999999998,0.191403,0.22933800000000001,0.33813,0.465423,0.651,1.1407200000000008,1.9429900000000002,0.097,0.126,0.187,0.259,0.34220000000000006,0.443,0.6187999999999999,0.874,1.24,1.96,2.9434999999999993,0.317,0.357,0.417,0.484,0.572,0.639,0.708,0.824,1.0,1.4100000000000006,1.61,0.1,0.12,0.188,0.255,0.337,0.44,0.606,0.878,1.25,1.9100000000000006,2.65
S010870-WQ963736-1.csv,WQ963736-1.csv,53.85487,-2.79131,Europe,0.108,3.77,0.038,20.9,617.0,4803.0,0.45514267870390307,11.125483240767515,5.907692307692304,0.04283080000000001,0.055066399999999995,0.0817312,0.10225200000000001,0.1326604,0.17837399999999998,0.25474,0.36352,0.507788,0.9587060000000003,1.6863575999999991,0.09,0.12,0.188,0.265,0.35,0.461,0.64,0.906,1.26,2.0144000000000006,2.95,0.195,0.22760000000000002,0.271,0.30779999999999996,0.35739999999999994,0.406,0.45619999999999994,0.5238,0.672,0.9178000000000012,1.1519999999999992,0.0928,0.12179999999999999,0.195,0.26780000000000004,0.349,0.459,0.6245999999999998,0.9188,1.3096,1.9240000000000008,2.7279999999999975
S010870-WQ963739-1.csv,WQ963739-1.csv,53.83768,-2.7126,Europe,0.012,1.77,0.038,20.9,611.0,5273.0,0.4549833670780258,16.84398848224742,6.2201834862385175,0.0188445,0.023707,0.036680000000000004,0.051239999999999994,0.068388,0.100284,0.14798699999999995,0.23448,0.392922,0.7603500000000001,1.4720499999999888,0.087,0.119,0.188,0.265,0.351,0.461,0.6391999999999998,0.9044000000000001,1.27,2.04,2.966399999999998,0.109,0.127,0.155,0.18099999999999997,0.211,0.243,0.2789999999999999,0.324,0.386,0.48,0.6779999999999984,0.091,0.12,0.195,0.268,0.349,0.459,0.6319999999999997,0.926,1.31,1.93,2.7399999999999958
S010870-WQ963740-1.csv,WQ963740-1.csv,53.85699,-2.78323,Europe,0.02,0.9,0.041,20.9,423.0,3354.0,0.44412000087792236,19.33682809355813,6.165605095541397,0.00887847,0.01177854,0.017636400000000003,0.024809599999999998,0.0312688,0.0405888,0.06560604,0.103122,0.16255160000000005,0.3008320000000001,0.6537659999999992,0.097,0.126,0.187,0.259,0.34220000000000006,0.443,0.6187999999999999,0.874,1.24,1.96,2.9434999999999993,0.0471,0.06523999999999999,0.0777,0.08726,0.0961,0.106,0.119,0.1374,0.167,0.21380000000000002,0.2903999999999998,0.1,0.12060000000000001,0.189,0.2592,0.3368,0.44,0.6003999999999999,0.8713999999999997,1.25,1.8980000000000006,2.6479999999999997
S010870-WQ963741-1.csv,WQ963741-1.csv,53.85903,-2.74357,Europe,0.014,2.12,0.038,20.9,1079.0,7240.0,0.4500141553565491,19.6342316253312,20.412814791201775,0.004735370000000001,0.006748960000000001,0.01279988,0.022958839999999998,0.04368772000000001,0.10934400000000001,0.21365666666666663,0.3856095,0.6370560000000003,1.1725714285714293,2.1632540714285704,0.082,0.108,0.168,0.246,0.337,0.442,0.62,0.8813000000000002,1.25,1.92,2.850500000000002,0.03137,0.03996000000000001,0.05288,0.06612,0.08274000000000001,0.11,0.17005333333333336,0.24579999999999996,0.34,0.4858888888888895,0.6403499999999998,0.09990000000000002,0.141,0.2416,0.37,0.5608000000000002,0.878,1.1997999999999998,1.475999999999999,2.0140000000000007,3.1928,4.385999999999994
S010870-WQ963742-1.csv,WQ963742-1.csv,53.88222,-2.68744,Europe,0.0108,0.782,0.041,20.9,424.0,3354.0,0.44412000087792236,19.750603118972442,13.284999999999997,0.0032600000000000003,0.004060060000000001,0.00660704,0.009649930000000001,0.014494500000000007,0.02848305,0.04183332,0.08223569999999995,0.13508700000000015,0.2523400000000004,0.5266534999999979,0.097,0.126,0.187,0.259,0.34220000000000006,0.443,0.6187999999999999,0.874,1.24,1.96,2.9434999999999993,0.02,0.0232,0.031,0.03964999999999999,0.047720000000000005,0.058300000000000005,0.07377999999999996,0.09014999999999998,0.13260000000000013,0.19910000000000014,0.26569999999999994,0.1,0.12090000000000001,0.1886,0.2577,0.3362,0.44,0.6107999999999999,0.8787999999999998,1.25,1.8920000000000026,2.646999999999999
S018833-WQ963743-1.csv,WQ963743-1.csv,53.86808,-2.813,Europe,0.0285,33.0,0.391,150.0,697.0,6077.0,3.6751187098010236,11.176744580629482,7.853783668234285,0.05242426,0.0890928,0.177284,0.248806,0.3609696,0.48596999999999996,0.616296,0.8688639999999999,1.4361000000000006,2.8147600000000024,5.331599999999998,0.739,0.909,1.35,1.9038,2.53,3.36,4.6288,6.901999999999998,11.3,21.3,31.2,0.04678,0.055,0.06956000000000001,0.08679999999999997,0.113,0.132,0.15259999999999996,0.181,0.2174000000000002,0.2822000000000003,0.36739999999999984,0.7398,0.9598,1.4307999999999998,1.8979999999999997,2.5458000000000003,3.24,4.452,6.702400000000001,11.1,19.29000000000001,28.19599999999997
S017880-WQ964135-1.csv,WQ964135-1.csv,55.67494,-2.16054,Europe,0.0101,0.535,1.35,208.4,678.0,5093.0,7.4615397740706175,24.095404557821965,8.211314736052037,0.055489214999999995,0.071004,0.0986688,0.13695288,0.18845846,0.2603658,0.4245822,0.6958934999999997,1.2274200000000002,2.5738323750000003,5.196949999999999,2.176,2.4972,3.0674,3.6996,4.64,5.97,7.8444,10.5,14.695999999999998,23.836000000000006,34.994,0.019985000000000003,0.02094,0.02724,0.031810000000000005,0.03608,0.042,0.04872,0.05891466666666667,0.07959600000000001,0.112,0.164103125,2.23955,2.5885,3.2624,4.1173,5.2186,6.729,9.303999999999998,13.009,17.406,25.79300000000002,38.0475
S010913-WQ964136-1.csv,WQ964136-1.csv,55.63067,-2.09821,Europe,0.011,0.921,0.782,223.2,717.0,6100.0,4.740093925079542,18.94323601772818,5.659999999999997,0.0367099,0.043344099999999997,0.058848,0.0789228,0.10781344000000004,0.13804,0.19109609999999988,0.2962461999999999,0.49031704000000054,0.9743042000000027,2.0575599999999983,1.2909499999999998,1.4989000000000001,1.8678,2.3227,3.0972,4.0344999999999995,5.1948,6.8506,9.824999999999996,16.04,24.981500000000008,0.02,0.020560000000000002,0.026720000000000004,0.031079999999999997,0.03504,0.039,0.043359999999999996,0.05124,0.06178000000000001,0.08904000000000001,0.11319999999999994,1.2902,1.5304000000000002,1.8881999999999999,2.3076,2.9524,3.685,4.6915999999999976,6.4666,9.095200000000002,15.172000000000004,21.245999999999988
S010979-WQ964532-1.csv,WQ964532-1.csv,52.6384,1.2589,Europe,0.02,0.35,0.447,6.26,1425.0,8543.0,1.078255669055377,4.6067023880079505,3.014902560183416,0.042268799999999995,0.04791864,0.05901872000000001,0.06847944,0.08014179999999999,0.091875,0.1060662,0.12318399999999997,0.15453119999999998,0.22148399999999996,0.320396,0.6131000000000001,0.683,0.792,0.8815999999999999,0.972,1.08,1.19,1.33,1.54,1.89,2.31,0.05234,0.060039999999999996,0.07147999999999999,0.0779,0.0837,0.089,0.0958,0.103,0.114,0.133,0.15779999999999997,0.621,0.679,0.762,0.8502,0.9304000000000001,1.04,1.16,1.31,1.51,1.86,2.38
S010979-WQ964537-1.csv,WQ964537-1.csv,52.72512,1.11924,Europe,0.0285,0.467,0.447,6.26,838.0,7653.0,1.0572559932621792,4.210437145430825,2.865562971309695,0.04719243,0.05343611,0.06237086000000001,0.07317306999999999,0.08292340000000001,0.09358499999999999,0.10609379999999999,0.12362819999999995,0.15374800000000005,0.2196242,0.2889179999999997,0.606,0.671,0.771,0.864,0.9508000000000002,1.05,1.17,1.3,1.5,1.86,2.2639999999999962,0.057685,0.065,0.0746,0.08102,0.08736000000000002,0.0939,0.10019999999999994,0.108,0.119,0.13965000000000005,0.16529999999999975,0.605,0.6607000000000001,0.7542000000000001,0.8451,0.921,1.01,1.14,1.2789999999999986,1.4520000000000026,1.82,2.264499999999996
S010979-WQ964538-1.csv,WQ964538-1.csv,52.7264,0.99143,Europe,0.03,0.486,0.447,6.26,914.0,8611.0,1.0803359278474516,4.942738006978914,2.9211864406779644,0.047658075,0.05432273,0.06450606,0.07421579999999998,0.083861,0.09227099999999999,0.10654879999999999,0.12739679999999998,0.15917000000000014,0.22730400000000003,0.3127809999999997,0.614,0.684,0.794,0.883,0.975,1.08,1.19,1.33,1.54,1.89,2.31,0.059,0.06479,0.07406,0.08,0.086,0.0916,0.09898,0.108,0.12,0.144,0.1723499999999999,0.6109,0.6783,0.7692000000000001,0.861,0.9420000000000002,1.03,1.17,1.32,1.52,1.87,2.333499999999999
S010979-WQ964539-1.csv,WQ964539-1.csv,52.73485,0.97719,Europe,0.0303,0.46,0.537,6.21,430.0,3360.0,1.128158467138672,4.559687238383199,2.7855612328992914,0.053492625,0.061833690000000004,0.07393008,0.0819928,0.08905716,0.09963,0.11611060000000001,0.134881,0.16109279999999998,0.23350020000000002,0.310002,0.691,0.7449,0.8228,0.905,0.997,1.11,1.23,1.36,1.59,1.970999999999999,2.45,0.06067,0.0658,0.0779,0.08534,0.09126000000000001,0.09734999999999999,0.104,0.11130000000000001,0.121,0.1431,0.169,0.686,0.7339,0.8038000000000001,0.8936999999999999,0.9796,1.07,1.2,1.3530000000000002,1.572,1.9620000000000004,2.37
S018181-WQ964541-1.csv,WQ964541-1.csv,52.74161,0.95839,Europe,0.02,0.673,0.11,10.3,540.0,5865.0,0.5839492164465665,9.78879691790551,4.733137829912021,0.014257345000000001,0.01628784,0.02088346,0.026485109999999996,0.03315908,0.04334925,0.06057979999999999,0.08305500000000003,0.12674420000000003,0.227913,0.32812399999999986,0.19019999999999998,0.217,0.267,0.32520000000000004,0.39859999999999995,0.488,0.627,0.826,1.14,1.81,2.52,0.05115,0.05929,0.0693,0.0763,0.08032,0.0874,0.0957,0.109,0.134,0.17810000000000004,0.2420999999999999,0.18785,0.209,0.2648,0.323,0.3792,0.486,0.6527999999999999,0.8029000000000001,1.18,1.7810000000000001,2.2929999999999975
S010979-WQ964548-1.csv,WQ964548-1.csv,52.83787,0.809,Europe,0.0218,0.877,0.447,6.26,912.0,8611.0,1.0803359278474516,4.505429602163626,3.4778026610459754,0.0287788,0.032994020000000006,0.04140162,0.050162769999999995,0.06188544,0.072631,0.08462199999999995,0.1012773,0.12373400000000008,0.17554000000000006,0.2702039999999998,0.614,0.684,0.794,0.883,0.975,1.08,1.19,1.33,1.54,1.89,2.31,0.037955,0.04333,0.051,0.0565,0.0613,0.06684999999999999,0.07286,0.0811,0.09386000000000001,0.115,0.132,0.607,0.6771,0.7672,0.8633,0.9494,1.04,1.17,1.31,1.5,1.86,2.31
S018181-WQ964549-1.csv,WQ964549-1.csv,52.80624,0.77729,Europe,0.02,0.607,0.1,19.8,763.0,6300.0,0.5515583009077182,12.579010351662872,4.118399999999998,0.007831,0.0093034,0.0113412,0.01421472,0.017008000000000002,0.021452,0.02958432,0.04577296,0.06964240000000002,0.11825120000000004,0.19279069999999995,0.172,0.192,0.234,0.285,0.349,0.432,0.567,0.755,1.07,1.6810000000000036,2.37,0.03125,0.03624,0.044,0.049159999999999995,0.053,0.056,0.06092,0.06594,0.07356,0.0862,0.12869999999999993,0.17010000000000003,0.1892,0.2288,0.28259999999999996,0.3448,0.416,0.5422,0.7327999999999999,1.02,1.6360000000000012,2.1889999999999996
S018181-WQ964550-1.csv,WQ964550-1.csv,52.81723,0.76908,Europe,0.033,0.48,0.1,19.8,799.0,7650.0,0.5457363442357585,7.340149835201396,3.1514109726400226,0.013935730000000002,0.01812448,0.024298360000000005,0.03330948,0.040504460000000006,0.0497097,0.0645708,0.08534999999999998,0.12362500000000001,0.20381000000000016,0.31229599999999974,0.176,0.197,0.24,0.291,0.354,0.441,0.566,0.7533000000000002,1.06,1.67,2.35,0.06981000000000001,0.07626000000000001,0.086,0.095,0.101,0.11,0.12,0.131,0.155,0.19420000000000004,0.22,0.171,0.1918,0.231,0.284,0.345,0.416,0.5396,0.7215999999999998,1.0080000000000018,1.6120000000000005,2.180999999999999
S018184-WQ964572-1.csv,WQ964572-1.csv,52.65511,1.20691,Europe,0.0579,3.24,0.093,27.0,792.0,7636.0,0.41907937653699157,16.286385310653984,2.8104061976549413,0.021918600000000003,0.0242893,0.028702000000000002,0.0325944,0.0362012,0.04159,0.050746719999999995,0.06574159999999998,0.10580140000000013,0.20634300000000014,0.3619659999999988,0.147,0.159,0.18,0.202,0.231,0.278,0.354,0.494,0.771,1.42,2.34,0.09552,0.109,0.12,0.135,0.149,0.161,0.171,0.185,0.2,0.23,0.26844999999999997,0.14455,0.154,0.174,0.197,0.22040000000000004,0.257,0.329,0.44129999999999936,0.7278000000000008,1.3570000000000029,2.11
S018194-WQ964736-1.csv,WQ964736-1.csv,52.17163,1.44911,Europe,0.0941,5.81266666666667,0.028,25.4,787.0,6105.0,0.18017155489451855,48.35934927221231,4.111823759063016,0.014809499999999998,0.016478,0.019212000000000003,0.0227792,0.02806320000000001,0.037584,0.0521664,0.07676409090909085,0.15485080000000023,0.44009175000000034,1.1389439999999995,0.047,0.054,0.064,0.074,0.085,0.101,0.152,0.222,0.34619999999999984,0.728,1.43,0.17930000000000001,0.199,0.22273333333333362,0.246,0.264,0.29,0.32,0.3571999999999999,0.4016000000000001,0.5312000000000003,0.7372499999999989,0.052,0.058,0.068,0.07779999999999998,0.09040000000000004,0.114,0.18559999999999996,0.27439999999999987,0.4978,1.1640000000000008,2.048999999999995
S018193-WQ964779-1.csv,WQ964779-1.csv,52.13011,1.39119,Europe,0.0986,0.822,0.041,18.2,498.0,3367.0,0.4464992711777899,25.695451972723212,4.3849070913917325,0.037037200000000006,0.042282,0.0503696,0.05761209999999999,0.06591439999999998,0.0774965,0.0994616,0.17014859999999996,0.33833440000000015,0.6652590000000002,1.1171165,0.104,0.119,0.149,0.18,0.214,0.273,0.363,0.547,0.933,2.14,4.326999999999998,0.13185,0.145,0.16720000000000002,0.18519999999999998,0.209,0.2375,0.27033333333333337,0.3097,0.375,0.46630000000000005,0.5781499999999999,0.10685,0.1257,0.1528,0.192,0.239,0.3355,0.5025999999999999,1.0172999999999994,1.81,3.1480000000000006,4.701499999999995
S018193-WQ964780-1.csv,WQ964780-1.csv,52.1955,1.27323,Europe,0.0454,1.14,0.041,18.2,430.0,3359.0,0.4468505644702646,13.838725648004527,4.94087744502155,0.0161887,0.020856599999999996,0.0290792,0.0352236,0.0454692,0.057191500000000006,0.06890239999999997,0.0979049,0.1476296,0.29484899999999997,0.6246180000000001,0.104,0.119,0.149,0.18,0.213,0.271,0.362,0.547,0.933,2.1419999999999986,4.33,0.09049,0.108,0.123,0.141,0.1616,0.1835,0.21439999999999998,0.2503,0.29419999999999996,0.358,0.44710000000000005,0.1019,0.11789999999999999,0.146,0.171,0.206,0.257,0.342,0.484,0.8261999999999998,2.0860000000000016,3.538500000000001
S018194-WQ964833-1.csv,WQ964833-1.csv,52.18863,1.45126,Europe,0.0109,2.8,0.028,25.4,814.0,7056.0,0.17529923525157928,84.50096192273,14.121874999999966,0.00131365,0.00152192,0.0020164800000000006,0.00268719,0.00398228,0.0066935,0.012057479999999995,0.021892769999999957,0.05661700000000014,0.18955190000000013,0.46129599999999904,0.047,0.055,0.065,0.074,0.085,0.101,0.151,0.221,0.335,0.7035000000000009,1.34,0.021,0.023760000000000003,0.0286,0.033769999999999994,0.04148000000000002,0.052500000000000005,0.06656,0.08750999999999999,0.12362500000000005,0.21470000000000003,0.2965593749999993,0.052,0.058,0.068,0.077,0.09,0.112,0.18239999999999987,0.267,0.4892000000000012,1.0238000000000025,1.8744999999999936
S010557-WQ967019-1.csv,WQ967019-1.csv,53.03479,14.31251,Europe,0.04,0.99,170.0,3180.0,424.0,4005.0,420.3373654888503,1.6047873776794788,3.632142857142855,63.52300000000001,81.54,101.9,115.812,129.51600000000002,141.29,155.88,167.912,190.14000000000004,221.35500000000008,266.0895,222.0,270.0,325.0,365.0,414.0,484.0,550.0,628.0,737.0,889.0,1070.0,0.14,0.17,0.21,0.24,0.27,0.29,0.32,0.35,0.39,0.4470000000000005,0.5084999999999997,230.0,266.20000000000005,326.0,365.90000000000003,414.0,485.5,555.0,609.1,720.6000000000001,884.0,1073.9999999999986
S011156-WQ969428-1.csv,WQ969428-1.csv,59.90472,10.79157,Europe,0.011,2.32,0.001,2.975,580.0,5461.0,0.09411866241349447,10.084029021011949,8.411538461538461,0.002992,0.0038388,0.0052968,0.0071516999999999996,0.0103824,0.013604999999999999,0.0193754,0.027882000000000004,0.038772999999999995,0.07328890000000007,0.1206267999999998,0.013,0.019,0.031,0.045,0.061,0.084,0.116,0.163,0.24,0.39300000000000185,0.58,0.039,0.0469,0.058,0.071,0.084,0.098,0.117,0.13930000000000003,0.17719999999999997,0.24720000000000006,0.32804999999999995,0.04695,0.0549,0.067,0.086,0.105,0.136,0.175,0.227,0.30479999999999996,0.5000000000000002,0.6993999999999996
S010495-WQ969536-1.csv,WQ969536-1.csv,50.7795,5.69911,Europe,0.049,0.53,15.67,3009.17,563.0,3963.0,189.47161265905692,7.607478910589191,4.556143445032333,6.681708,8.18176,11.089272,13.567439999999998,16.009184,19.408,23.427,29.414147999999997,41.844556000000004,78.610668,116.22299799999995,32.669,40.123999999999995,58.388,79.256,111.69800000000001,148.88,197.94399999999996,260.33400000000006,370.6039999999999,575.9040000000003,793.2990000000003,0.06804,0.08,0.1,0.11759999999999998,0.13540000000000005,0.15,0.17,0.19,0.23,0.27800000000000014,0.31,34.531,41.074,56.754000000000005,76.922,109.11,143.86,194.12,260.01,373.2200000000001,572.7200000000001,748.5769999999998
S009365-WQ976316-1.csv,WQ976316-1.csv,50.89084,14.23109,Europe,0.0430060105,0.91002545625,83.4,4600.0,590.0,4380.0,253.97931655840705,7.277665837660534,2.96558255897069,21.54345134205,24.5869713735,30.597991305200004,35.54967940171664,41.40884439279999,47.966824274749996,58.20916330139998,68.7635475598,90.8707493154,146.3782926918002,240.2673027828248,114.0,124.0,145.0,171.0,198.0,232.0,280.0,348.0,438.1999999999998,613.0999999999999,824.0500000000002,0.129993681,0.13999796,0.160006518,0.170010797,0.189988382,0.20999694,0.2350076375,0.259987362,0.2800114065,0.33000957175,0.3855069931499996,111.45,122.89999999999999,147.8,174.0,199.0,233.5,281.0,352.3,440.0,606.5000000000001,802.1999999999998
S010139-WQ976445-1.csv,WQ976445-1.csv,49.24548,9.19336,Europe,0.017,1.042,2.52,234.0,682.0,5468.0,10.616421756879733,15.42381495786517,6.16428571428571,0.32,0.36719999999999997,0.4656100000000001,0.574912,0.7197600000000001,0.8896,1.1551200000000001,1.67508,2.6835200000000055,4.939490000000006,9.675004999999999,3.7135000000000007,4.27,5.274000000000001,6.520999999999999,7.92,9.85,12.4,16.0,20.5,31.0,46.0,0.042,0.052,0.074,0.09,0.103,0.112,0.129,0.144,0.17,0.21750000000000047,0.25889999999999985,4.322,4.76,5.34,6.270999999999999,7.308000000000002,8.7,10.5,13.969999999999999,18.2,25.2,41.779999999999966
S017678-WQ977266-1.csv,WQ977266-1.csv,-34.94961,143.481,Oceania,0.011,2.0,102.2,116941.9,1214.0,8905.0,3900.992806318379,26.803041637557495,4.666666666666667,19.376680000000004,32.204100000000004,58.75200000000001,79.92439999999999,104.13719999999999,135.835,171.1898,228.7403999999999,400.9272000000002,1388.4500000000012,3257.272199999995,439.43999999999994,641.26,976.8799999999999,1306.4999999999995,1672.56,2065.9,2553.06,3214.38,4263.8,13015.36000000001,26912.479999999974,0.03,0.04,0.05,0.05,0.06,0.07,0.08,0.09,0.1,0.12,0.14,453.28000000000003,684.62,1075.4,1354.14,1737.58,2088.85,2522.4799999999996,3191.809999999999,4347.3200000000015,13556.550000000012,26947.999999999993
S017677-WQ977291-1.csv,WQ977291-1.csv,-35.70322,143.91922,Oceania,0.013,0.98,0.0,11140.0,1204.0,10016.0,209.55453147273502,12.409580635127108,7.618333333333324,1.3648000000000002,2.7886,6.780900000000001,9.0,11.856,15.51,19.974,29.29199999999999,47.29400000000001,107.59800000000016,191.04599999999996,4.0,36.0,78.0,101.0,123.0,152.0,193.0,266.0,416.0,732.0,1219.2499999999982,0.03,0.04,0.06,0.07,0.08720000000000004,0.1,0.12,0.14,0.16,0.19,0.22854999999999973,17.150000000000006,52.0,84.0,105.0,129.0,158.0,207.0,286.0,451.2000000000003,797.1000000000001,1277.7499999999968
S017679-WQ977328-1.csv,WQ977328-1.csv,-36.17769,145.11906,Oceania,0.011,0.74,184.0,108523.0,1241.0,10018.0,1045.3204449040607,22.61140128339054,6.333333333333334,11.639999999999999,17.000000000000004,28.439999999999998,41.440000000000005,58.300000000000026,78.65,101.85,141.95999999999995,259.66600000000034,824.96,1593.8400000000001,364.0,399.0,468.0,557.0,657.0,792.0,1024.0,1507.0,2600.6000000000004,7456.700000000032,16149.15,0.03,0.04,0.05,0.06,0.07,0.08,0.1,0.12,0.13,0.16,0.19,357.0,388.0,452.0,529.0,626.0,742.0,950.0,1396.0,2524.000000000002,8033.0,16730.0
S017681-WQ977352-1.csv,WQ977352-1.csv,-35.96778,144.96189,Oceania,0.014,1.9,0.0,4821.8,892.0,8624.0,150.6000889470627,6.830861340450718,7.221350078492935,1.6115250000000003,4.356000000000001,11.681600000000001,22.892399999999995,39.03940000000001,56.997,79.9776,107.69379999999998,146.0232,232.65040000000022,435.32749999999976,5.4,15.9,46.4,83.5,115.2,160.3,217.57999999999993,280.0,340.0,495.0,785.9099999999934,0.09555,0.16,0.23,0.26,0.30700000000000016,0.34,0.38,0.43,0.48,0.59,0.69,7.855,21.01,50.0,96.19,134.32000000000002,176.3,227.5199999999999,285.9999999999999,370.0,542.9100000000001,845.464999999999
S017683-WQ977388-1.csv,WQ977388-1.csv,-36.40753,147.23122,Oceania,0.011,0.24,279.0,28892.0,727.0,10038.0,2597.547875512899,9.02463850174213,4.284615384615379,9.08,11.166,15.514800000000001,19.456,25.0848,32.04,41.428399999999996,60.279999999999994,85.97520000000002,174.25180000000006,239.2456999999993,456.0,536.7,680.0,842.0,1100.8000000000002,1559.5,2251.3999999999996,3432.8999999999996,5814.800000000001,9102.200000000004,9960.0,0.013,0.014,0.019,0.02,0.02,0.02,0.023,0.03,0.03,0.041,0.05569999999999993,487.70000000000005,592.8000000000001,702.6000000000001,864.8,1045.0000000000002,1333.0,1725.6,2328.2,3344.8000000000006,5981.400000000002,9203.399999999998
S008616-WQ977576-1.csv,WQ977576-1.csv,-38.02381,147.17361,Oceania,0.011,0.44,0.002,1206.361,606.0,6757.0,1.4128889267524751,17.980963009861853,5.714285714285714,0.0031612500000000004,0.004681,0.008032000000000001,0.012409999999999997,0.019034,0.026458000000000002,0.034200999999999995,0.048448500000000005,0.0717,0.189096,0.4453559999999991,0.081,0.11460000000000002,0.213,0.328,0.5324000000000001,0.844,1.3626,1.9192,2.8388,5.955600000000002,12.601999999999986,0.014,0.017,0.02,0.023,0.027,0.03,0.033,0.04,0.05,0.064,0.08,0.10025,0.1365,0.218,0.3689999999999999,0.587,0.914,1.3789999999999996,1.8900000000000001,2.794,5.768000000000001,11.534499999999994
S008606-WQ977595-1.csv,WQ977595-1.csv,-37.815,147.57222,Oceania,0.011,1.5,0.102,1427.122,478.0,7310.0,14.948344611130022,22.458103482070413,9.166666666666666,0.02430485,0.035548,0.0668952,0.09843089999999999,0.1620652,0.245979,0.38381439999999994,0.554223,1.0068176000000002,2.292789300000002,5.22436,0.8708,1.5307999999999997,3.2636,5.0977,7.966999999999999,12.0405,16.90079999999999,23.106600000000004,33.5934,52.156100000000016,73.69600000000001,0.012,0.013,0.016,0.018,0.02,0.02,0.02419999999999999,0.03,0.038,0.060300000000000006,0.11,0.8623000000000001,1.3031000000000001,3.0016000000000003,4.9704,7.3372,11.74,15.561399999999997,26.342899999999997,40.612000000000016,63.26740000000001,94.96334999999996
S006530-WQ977931-1.csv,WQ977931-1.csv,43.25284,-77.60945,North America,0.015,0.985,3.71,591.821,2598.0,5840.0,57.08272372066926,22.01843371803425,7.142857142857142,0.5834265000000001,0.724908,1.0508908000000001,1.4454930000000004,2.0020099999999994,2.732152,4.182984000000001,7.767875999999998,16.205691999999992,33.624474600000006,50.04372200000001,10.53115,13.501299999999999,19.8724,27.382,35.679,48.8465,69.093,99.958,146.73759999999996,203.031,245.52115000000006,0.035,0.04,0.045,0.055,0.06,0.065,0.075,0.09,0.11,0.17430000000000018,0.25,10.194,12.459,18.689,26.1678,34.546,47.572,69.093,98.542,147.814,204.3338000000001,249.83905000000004
S021852-WQ978558-1.csv,WQ978558-1.csv,45.33956,-122.65454,North America,0.054,0.683,0.533299733333333,1061.40805333333,481.0,4439.0,15.951858250715855,24.169536493842784,4.769230769230769,0.23922032640000002,0.30865312,0.47450107799999997,0.6704899098666663,0.9307708562666637,1.5786757584,2.509541003999996,5.09330742,10.216701440000001,23.490095251999943,33.95269270399995,2.91255986,3.722479333333334,5.111418373333333,6.95649386666667,9.882091253333336,17.0868290666667,29.69016480000001,46.61181253333329,81.64677333333333,148.27856346666698,224.97306921037392,0.065,0.07,0.082,0.088,0.096,0.106,0.122,0.149,0.191,0.24900000000000005,0.31,2.83168,3.4652684,4.813856,6.16362346666667,8.158778,11.8800774666667,22.587367466666695,36.1511146666667,69.977892,136.22740533333302,186.430732
S021852-WQ978560-1.csv,WQ978560-1.csv,45.37956,-122.69787,North America,0.044,0.83,0.533299733333333,1061.40805333333,719.0,4439.0,15.951858250715855,29.68504753109619,4.934230194319879,0.27668911616,0.38001711936000004,0.5283249435199999,0.6980983179200002,0.9726669777066662,1.4924723400000046,2.5003663608,4.751771887946665,9.295088708800005,25.845514992799966,37.5830551271999,2.91255986,3.722479333333334,5.111418373333333,6.95649386666667,9.882091253333336,17.0868290666667,29.69016480000001,46.61181253333329,81.64677333333333,148.27856346666698,224.97306921037392,0.0669,0.072,0.082,0.089,0.09720000000000005,0.106,0.12079999999999996,0.142,0.182,0.247,0.3300999999999999,2.8776948,3.7083209333333365,5.096080106666669,6.627075093333332,8.803221173333334,12.4086577333333,21.525015520000014,36.35641146666667,71.04179462857154,136.69227279999987,202.18785133333293
S021852-WQ978562-1.csv,WQ978562-1.csv,45.38595,-122.75732,North America,0.058,0.636,0.533299733333333,1061.40805333333,687.0,4439.0,15.951858250715855,32.86902091761111,4.221126760563379,0.2916742723306664,0.39030650058666677,0.5381860331466671,0.6915708235733331,0.9683708472,1.3812510287999993,2.2121353169600013,4.404250656320002,9.24637909333334,23.29793980693342,37.19457222853337,2.91255986,3.722479333333334,5.111418373333333,6.95649386666667,9.882091253333336,17.0868290666667,29.69016480000001,46.61181253333329,81.64677333333333,148.27856346666698,224.97306921037392,0.071,0.077,0.085,0.092,0.101,0.11,0.1243,0.146,0.17980000000000007,0.2414000000000001,0.2996999999999999,2.845342856,3.65923848,4.951192479999998,6.355233813333335,8.256234986666668,10.9845586666667,19.338250640000016,34.09578693333333,66.65302773333343,124.49395311515165,178.69434626666666
S021856-WQ978573-1.csv,WQ978573-1.csv,45.38817,-122.85177,North America,0.048,0.56,20.3456208,1503.38610666667,850.0,5741.0,75.40965708138906,7.256256062804673,3.375735294117646,2.4573035871999984,3.1067529348,4.833203453600001,6.242988377866668,8.007887211733335,10.61986777933335,14.197741474133316,18.418310959733347,31.27161088533333,49.58630005506664,69.8495236865333,26.6461088,33.2454248484849,46.6283306666667,61.1170933333333,77.8712,96.312516,136.722949333333,198.524365333333,293.668813333333,419.4426,555.00928,0.068,0.0749,0.082,0.08834999999999998,0.094,0.102,0.11,0.12,0.14,0.18,0.22954999999999995,30.015808,35.125338586666636,49.78801359999998,60.47406600000001,73.26972,90.914626,118.67334906666679,169.87248319999983,250.0680205333338,369.4398506666668,500.9772860000001
S021852-WQ978575-1.csv,WQ978575-1.csv,45.4179,-122.92093,North America,0.048,0.587,0.533299733333333,1061.40805333333,680.0,4439.0,15.951858250715855,25.74314230022712,3.6082916368834823,0.24925573596363645,0.3469204435200003,0.507322844906667,0.708909554173333,0.9801322300799998,1.3409261358000015,2.3400748668799976,4.111396422933331,8.534013355733338,19.24471081066671,29.443952583733385,2.91255986,3.722479333333334,5.111418373333333,6.95649386666667,9.882091253333336,17.0868290666667,29.69016480000001,46.61181253333329,81.64677333333333,148.27856346666698,224.97306921037392,0.06995000000000001,0.077,0.08380000000000001,0.091,0.098,0.104,0.11239999999999997,0.12929999999999997,0.1524000000000001,0.20720000000000002,0.2523999999999996,2.844457956,3.6698572799999996,4.962519199999998,6.456348386666667,8.330330613333334,11.1839561333333,19.435943600000016,34.74589346666667,66.88900106666671,124.30828500606091,177.3215713999996
S021852-WQ978593-1.csv,WQ978593-1.csv,45.48998,-122.95191,North America,0.03,0.669,0.533299733333333,1061.40805333333,479.0,4439.0,15.951858250715855,21.23600842762901,3.5239999999999982,0.17896288392000004,0.23334246664,0.35802416871999976,0.5267899369866668,0.7254613137066664,1.1211057670666686,1.9462655781333318,3.6098587002666602,6.328464998399999,14.545018709333343,21.128459973600016,2.91255986,3.722479333333334,5.111418373333333,6.95649386666667,9.882091253333336,17.0868290666667,29.69016480000001,46.61181253333329,81.64677333333333,148.27856346666698,224.97306921037392,0.05,0.055,0.062,0.071,0.077,0.082,0.08979999999999995,0.1,0.115,0.142,0.1761999999999999,2.831208053333333,3.457009333333334,4.8110243200000005,6.152296746666668,8.135180666666663,11.2476689333333,22.357057493333265,36.018969600000005,70.12891493333333,136.248642933333,178.1374491999994
S021852-WQ978596-1.csv,WQ978596-1.csv,45.50012,-122.99135,North America,0.025,0.35,0.533299733333333,975.631746666667,517.0,4317.0,15.723203323496614,22.45612967678954,3.45,0.14927578677333342,0.2244125277866667,0.3288552690133334,0.44282519760000005,0.6432019536,0.8512738000000001,1.6365550616266662,2.7419369816,5.5366805476800005,11.05287058693332,16.615432217866644,2.89468488,3.6783523200000023,5.032839253333336,6.77715413333333,9.464890400000002,15.9352792,27.93381527999999,42.623863199999995,74.25844826666666,139.5003554666666,203.49632346666652,0.04,0.047,0.055,0.061,0.065,0.07,0.07659999999999997,0.0822,0.093,0.11040000000000003,0.138,2.842440384,3.5273293866666684,4.971486186666664,6.355233813333335,8.596744506666669,12.2623542666667,21.600998933333287,35.8773856,70.27993786666664,136.269880533333,176.9516832000002
S021843-WQ978602-1.csv,WQ978602-1.csv,45.50164,-123.05594,North America,0.017,0.302,0.669574333333333,520.439186666667,632.0,5696.0,13.60501634891783,22.81541956751958,4.348399246704329,0.03874500651210537,0.05290262562666676,0.08739178010666662,0.13641455578399986,0.23476184623999996,0.4123592704666672,0.6876897701599985,1.238441442300001,2.3861575092133336,5.3298376504,8.936525459000004,1.0687379750000001,1.30756988235294,2.03998946666667,3.41291181666667,5.85862793333333,10.71997356666665,19.0070620666667,31.9507893333333,52.0203213333333,88.55636750000001,137.58720166666674,0.026550000000000004,0.029,0.033,0.037299999999999986,0.042,0.048,0.055,0.063,0.073,0.0959000000000001,0.11544999999999994,1.0993112699999998,1.3061124000000004,1.909968160000002,2.9563329133333296,4.426387786666668,7.7818106,13.350191333333292,25.58664752666668,43.05097493333337,80.91791069999998,115.72545219999999
S027761-WQ982303-1.csv,WQ982303-1.csv,42.65085,-88.55093,North America,0.02,3.12,0.0,647.171615,654.0,5324.0,0.2745979427663319,50.55061901864473,18.852499999999985,0.003831367830789467,0.005549337685333335,0.00887271532,0.013070518688333331,0.01881975823333333,0.0267983116,0.040540572626666584,0.059118694166666444,0.11942610400000006,0.4312781375,1.187791536099998,0.007383458116666669,0.012930158799999997,0.01999874,0.027378806,0.03964352,0.0548638,0.07533030004301078,0.114801026666667,0.16809560400000018,0.6022334433333355,2.246244908333334,0.05,0.07,0.09,0.12,0.1505000000000001,0.1983333333333335,0.25579999999999997,0.3382,0.4710000000000002,0.72,0.9426249999999994,0.04402819949999999,0.05022102466666669,0.05756569466666665,0.070792,0.09337464800000005,0.11636435,0.1422782583859651,0.19007062066666663,0.32442793733333397,2.003944540000003,5.536878293333298
S027774-WQ982318-1.csv,WQ982318-1.csv,43.10333,-89.51167,North America,0.016,7.74,0.0,134.994444666667,806.0,8115.0,0.144459718994702,27.238123265575705,20.317164179104452,0.0061761462764999995,0.009145302865666671,0.01585528129033335,0.023955264803007286,0.035854401797333325,0.05144772466583328,0.0752702429266666,0.12339842009999993,0.199252933,0.5036636801683336,1.2845605572616665,0.0,0.0,0.012278282466666658,0.026391257599999995,0.040623989200000016,0.05822642,0.0962905625258427,0.15798532653333303,0.2706743918666664,0.6750017199999998,1.8510279206666707,0.067,0.082,0.121,0.15949999999999998,0.2045,0.2575,0.32099999999999995,0.425,0.6030000000000005,0.93325,1.3612499999999983,0.04801156226373625,0.05365443666666665,0.07202791033333332,0.09434168980434779,0.12877654733333302,0.1651356135,0.22533388566666698,0.3585142853333333,0.5883110166666674,1.532478669,3.6927319449999816
S027775-WQ982319-1.csv,WQ982319-1.csv,43.09861,-89.52151,North America,0.053,4.07,0.0,439.057883333333,475.0,5633.0,0.23124129757633596,48.18272446251158,7.155555555555557,0.008141794114300003,0.011102797824799993,0.016108756175866695,0.02307911996513334,0.03404865704134663,0.050336539512666735,0.07533255286519996,0.11946495947632729,0.21183066562666653,0.5908494997999999,2.0833943308079994,0.0,0.004370226133333331,0.02389406979999998,0.04220147093333331,0.06697121914385969,0.0990586556666667,0.1552639640666664,0.24659980246666663,0.4318960926666666,1.2656842686666663,4.230506322666645,0.108,0.12976,0.153,0.17020000000000002,0.196,0.225,0.25839999999999996,0.32582222222222224,0.41519999999999996,0.5758,0.7728000000000002,0.04709467296666669,0.05488621746666668,0.07658514533333335,0.09911646913333333,0.127815545933333,0.175865026,0.2566735040666668,0.386565615333333,0.735540678666667,2.0870130526666726,9.347685395000001
S027773-WQ982320-1.csv,WQ982320-1.csv,43.11111,-89.53611,North America,0.023,29.5153333333333,0.0,18.3941213333333,536.0,3911.0,0.786519955747682,2.3051617376895046,25.32567049808428,0.091829214395,0.11724351289833332,0.17943435863999993,0.28241428642499977,0.49434230579999994,0.7719299215620359,0.9656595135999998,1.1784355031483331,1.472453935555553,1.941274004716667,2.339672049499061,0.748537223794326,0.773432096666667,0.793257893052632,0.805229503333333,0.816615216666667,0.826968546666667,0.837941306666667,0.848737086666667,0.86525522,0.887525203333333,0.9099131733333334,0.10875,0.1375,0.218,0.33199999999999996,0.592,0.9388,1.16,1.43,1.775,2.39625,2.754166666666665,0.769450046666667,0.781425693333333,0.794345233333333,0.8076629783333334,0.816349746666667,0.828163161666667,0.838295266666667,0.8497842183333335,0.864665286666667,0.8906665983333335,0.9102975713829788
S027078-WQ982322-1.csv,WQ982322-1.csv,43.14028,-89.44231,North America,0.05,2.65,0.282461745694118,921.65028173913,695.0,5279.0,19.604572474481227,14.110028384102478,11.799999999999999,0.33720077271200044,0.57058475886,1.3330112362400015,2.304348032266668,4.392771418888891,8.13170005999999,13.004069398290504,21.638797141866586,36.578403380000054,68.61203115200003,118.11230624350004,1.1738260443000028,1.68366800669919,2.75806811866667,4.5499906186666665,8.01790192,13.2354493,22.86917862,38.083736266666676,79.34485346666665,122.20292020000024,160.63383223333364,0.1,0.14,0.2,0.25,0.3080000000000001,0.36,0.416666666666667,0.49,0.6160000000000002,0.8620000000000004,1.18,1.4656088407666703,2.173535910451614,4.009776866666666,6.994485573333332,13.462388225714282,22.6584544333333,36.4785276666667,73.12046686666669,97.0540622,139.8755530666666,196.32302909999999
S027078-WQ982323-1.csv,WQ982323-1.csv,43.14506,-89.47186,North America,0.03,30.8,0.282461745694118,921.65028173913,661.0,4468.0,22.276760992611788,19.164152836739028,24.629629629629534,0.26202287205,0.5239846860000001,1.2920867350000012,2.7067223861000005,4.979863240000002,9.186082007333306,16.123497429999993,25.928926846666677,52.233110286666744,110.63741976722226,180.20811519999972,1.2830755033333356,1.8681094403333307,3.059046206,5.401459096666666,9.342829723137253,17.82955513333335,27.884142893333355,52.3154734076191,92.43134459999999,132.62615729999993,173.58350799444432,0.09,0.11,0.16,0.24,0.35,0.44,0.55,0.703333333333333,0.9200000000000017,1.45,2.216666666666658,1.18833221,2.0925525266666702,4.037916065684211,7.606600399999996,13.054044800000002,21.3237302666667,35.929889666666696,72.606045,97.48943300000006,139.890891333333,185.5222346666669
S027766-WQ982330-1.csv,WQ982330-1.csv,43.20889,-89.3525,North America,0.014,1.932,0.0,110.908351566667,478.0,3621.0,0.32910361787167275,12.587710992852234,24.429999999999996,0.009385502333916662,0.01528766218533336,0.027253527757333362,0.043735120619999984,0.060121285866666596,0.08305981114999991,0.11024326131660005,0.1555430172816667,0.2619248782239999,0.5246055908333331,1.0104507181250013,0.00726996581052632,0.0166243213333333,0.0328061926666667,0.07689781,0.117101766666667,0.16529932,0.241990653333333,0.397025133333333,0.5875736,1.1450606,1.78985773333333,0.05,0.0727,0.1084,0.15,0.19,0.2255,0.2758,0.36,0.5060000000000002,0.8270500000000003,1.2214999999999998,0.06679520166666669,0.09099426700000002,0.1412418386666668,0.1736203296666664,0.22535453333333344,0.3311000833333335,0.45885014666666685,0.6185156033333332,0.8956367866666666,1.6186885766666697,2.533335964999995
S027766-WQ982330-2.csv,WQ982330-2.csv,43.20889,-89.3525,North America,0.012,1.98,0.0,27.77471026,423.0,6259.0,0.12280481291489351,13.297985681370944,16.112908777969018,0.005769417919700002,0.008050855595999998,0.01382008975146667,0.021321526275733332,0.03123138923066667,0.04510855473716678,0.07588383494640005,0.10845200839093341,0.175008814458,0.34666158313306633,0.5682398328533326,0.0,0.0,0.0,0.0,0.0006388978000000025,0.0104861581473684,0.03284689806666666,0.063995968,0.141584,0.37430680066666644,0.6963868033333325,0.058100000000000006,0.0772,0.111,0.143,0.19940000000000002,0.247,0.3161333333333334,0.38070000000000004,0.5086000000000003,0.7357333333333334,0.93616,0.04364415290000003,0.05091832586666664,0.06760906127368417,0.08922859653333332,0.12887624606666642,0.186212456666667,0.2656334115333334,0.374283203333333,0.5411399473333334,0.8727409275354392,2.5495384839999935
S006528-WQ982839-1.csv,WQ982839-1.csv,41.71893,-81.22788,North America,0.012,3.48,0.144,376.613,1064.0,2755.0,13.662750324196141,50.23155773203283,13.123333333333328,0.02678775,0.0356804,0.07282840000000002,0.18329399999999998,0.45330400000000004,0.7954100000000001,1.3637199999999998,2.796739199999996,5.814746800000007,18.01792020000001,39.404502924999974,0.51,0.85,1.869,3.908,7.2377999999999965,11.893,18.066,26.662799999999983,44.174,75.889,116.52380000000025,0.03,0.035,0.045,0.05294999999999998,0.065,0.08,0.092,0.119,0.15070000000000006,0.24,0.39369999999999983,0.283,0.51,1.133,3.228,9.061,15.433,21.701999999999995,29.449,46.553200000000025,78.01320000000007,124.79209999999995
S026750-WQ982867-1.csv,WQ982867-1.csv,41.29199,-84.28106,North America,0.064,1.19,1.69484897,415.933798169072,843.0,4045.0,4.439675621035298,7.083302572484993,6.486695278969953,0.35954065282150044,0.44020465474000003,0.599740774422666,0.7802589231866669,1.0036099839266666,1.3283322389999987,1.7270628695999972,2.3449529076266686,3.242217202373337,5.83032328595999,8.190576173579974,2.218697971333334,2.451975309333332,2.8539381846666663,3.22374969333333,3.6180021400000006,4.12304406666667,4.773764130666666,5.730258439999998,7.400123733333336,10.895596720000018,15.273727960000002,0.1165,0.1312,0.161,0.195,0.22580000000000008,0.264,0.3121999999999999,0.3797999999999997,0.4840000000000003,0.6366000000000002,0.7556999999999996,2.2116659660000035,2.5452378700000002,3.0147953066666666,3.4574222866666697,3.9414035933333365,4.58319206666667,5.4593961304504495,6.75267189999999,8.959671493333339,12.371196966666663,18.105879906666658
S026749-WQ982868-1.csv,WQ982868-1.csv,41.23755,-84.39911,North America,0.036,1.39,0.560879116666667,158.933939333333,753.0,4045.0,1.3902768774424508,9.082767548043742,7.953013278855974,0.11212675267866634,0.135342198568,0.171721003904,0.21851921177333386,0.278692016518,0.3571479997333326,0.4840738318106664,0.6501918494919996,0.9488686481873327,1.4141932718920023,2.5826190310626638,0.8293577766666663,0.895105846666667,0.983796424,1.074431918385966,1.18486930133333,1.31888445666667,1.470473725999998,1.6999636920000003,2.136726734666665,3.2979869039999974,4.752095879333342,0.09790000000000001,0.11510000000000001,0.138,0.163,0.19,0.229,0.277,0.35109999999999997,0.4488000000000001,0.6030000000000003,0.7786,0.8782691493333333,0.9397402026666666,1.028336390666666,1.161360458000002,1.2951042439999982,1.46023248333333,1.641011653999998,1.952431561333334,2.4642636206666704,3.5837034160000076,5.2062206599999925
S026731-WQ982875-1.csv,WQ982875-1.csv,40.68583,-84.26556,North America,0.021,1.9,0.0185239066666667,225.230231887324,585.0,2806.0,1.0337972154661546,29.934367724178347,22.08571428571428,0.014754822599999998,0.024467382351600002,0.049268220980266605,0.07567840895099995,0.11548196547573344,0.17825773660666694,0.3567089075836597,0.6250967816133337,1.1828007000999998,2.855709282520003,5.0726140884569455,0.11222301800000026,0.163750745,0.266107128,0.37631847333333346,0.556041663333333,0.7648485666666665,1.02512715333333,1.4912924733333286,2.23325162666667,4.08584877,7.309790191666668,0.042,0.0624,0.0936,0.125,0.1643,0.218,0.28569999999999995,0.3758,0.533,0.7766,0.9275999999999998,0.1410680831469978,0.2103702266666668,0.3169841585333334,0.5091242653333329,0.741322025333333,1.00327012333333,1.4925903266666656,2.115052584000002,3.565675053333336,6.2026180600000025,10.391970633333347
S026729-WQ982876-1.csv,WQ982876-1.csv,41.3825,-84.41611,North America,0.032,1.47,0.230132993333333,359.033733432,636.0,3055.0,2.8267252664821725,14.279000857552893,10.038869257950509,0.09771713069550547,0.13301287334833348,0.20763753748000002,0.29806919980833313,0.3958434968666663,0.554193785656667,0.7824218547599999,1.1740699817333329,1.8950575950000046,3.736858663366668,7.0722243332999675,0.6007533403707869,0.7400772659999999,1.07696459533333,1.430594232666666,1.8559006444822659,2.32988270666667,2.913969614371934,3.8160427599999984,5.558823813333328,9.228327133333329,13.288218836666687,0.07075,0.091,0.131,0.15649999999999997,0.176,0.2045,0.25199999999999995,0.3115,0.427,0.59075,0.7102499999999985,0.67482474,0.8022798366666666,1.15945497333333,1.5675329734035048,2.0803999,2.732276233333335,3.5056788333333286,4.713862300000001,6.5562241,11.3363064166667,17.13113142129627
S026726-WQ982877-1.csv,WQ982877-1.csv,41.6595,-84.24911,North America,0.015,2.12,0.012176224,912.449886666667,401.0,2415.0,3.919850029248163,82.35098324464936,26.305084745762713,0.004517119533333331,0.007904634719999993,0.031805488753333354,0.07430670481333312,0.1316602594533334,0.2591813106666669,0.5158282677333329,1.1186003201999999,2.60600643072,8.358902264533361,21.2310278477,0.024722926133333312,0.0439500333333333,0.1240960162666666,0.29255265946666703,0.573049441333333,1.144193398,2.2345848759999987,3.6529851866666636,6.822366623999999,21.207631386666677,60.763227722666784,0.0295,0.0385,0.05,0.063,0.082,0.122,0.18,0.274,0.398,0.5780000000000005,0.776,0.0692463746666667,0.134787968,0.291073106666667,0.64898566,1.31460744,2.23065592,3.619241,5.41440813333333,10.2585277133333,29.940886466666733,129.617792266667
S026722-WQ982882-1.csv,WQ982882-1.csv,41.18308,-84.86969,North America,0.035,4.2,0.213992417333333,164.595529533333,455.0,3277.0,0.9619156382963722,11.652810773275558,15.000388953714483,0.05568982465333322,0.08896750973800006,0.16064655709533338,0.2247433624000001,0.31017954172086953,0.4625173050016668,0.6520115460533339,1.0562862078883353,1.6645632450825336,2.691207434399997,5.203200950869279,0.289958132666667,0.32223043566666676,0.3918691159999998,0.49411636133333336,0.6080013706373624,0.748241943333333,0.9360767166666668,1.2799850221449298,1.907702815999998,3.2297255235164855,5.149578987228066,0.0857,0.12319999999999999,0.2198,0.29639999999999994,0.377,0.456,0.5429999999999999,0.6398,0.7984399999999999,1.03505,1.2855333333333312,0.3088743449999999,0.3378666186666668,0.44104005933333335,0.591089602666667,0.7495220986666669,0.967667646666667,1.5294967642117627,2.1468335499016398,2.953925985333333,5.296067506666667,8.108288683913049
S026712-WQ982884-1.csv,WQ982884-1.csv,40.98783,-85.11191,North America,0.048,1.845,1.38351165333333,386.00329088,647.0,2550.0,11.1999978261009,8.878454014212041,8.12073302191879,0.65265959243687,0.9808132491200006,1.552768718080001,2.4474144167466663,3.440748625454545,5.29560830256,7.493859218270483,10.034384752901833,15.40180299965216,28.82727495617393,46.51781491573332,2.5496214117714273,2.915966242327273,3.9926688,5.222915773333332,6.601354000000002,8.908583266666664,11.956060880000022,15.82592915733331,20.27970633492824,29.043007933333357,42.715597833333334,0.13915000000000002,0.18,0.2405,0.297,0.3679000000000001,0.443,0.532,0.629,0.7522000000000002,0.9308000000000003,1.13,2.7405942933333316,3.490045600000001,4.815743786666666,6.639109733333333,9.468901946666668,12.972634,16.50731959884058,19.933323288657977,26.160947626666704,40.9451489066667,64.41364080000001
S026706-WQ982887-1.csv,WQ982887-1.csv,40.74889,-84.78917,North America,0.048,4.01,0.73048495,1327.5120539759,557.0,2806.0,19.781458761183774,20.390150745781334,8.555650684931503,0.546078055092,0.8550976180813337,1.4593818879566658,2.2170433027226686,3.4093135254943108,5.213218262905258,8.424706710948913,14.51645111769783,28.65703855373259,62.25886176822864,100.37691065191481,2.2352500258333325,3.0678008166666704,4.2289371,5.743148483333336,8.31489695319149,12.71787795053765,17.7088447319149,25.326190250048292,39.6995636666667,78.16026733333331,160.634964524731,0.1168,0.15760000000000002,0.214,0.2544,0.285,0.335,0.39259999999999995,0.47219999999999995,0.5897,0.7934000000000002,0.9992999999999995,2.572003145333336,3.349110526666668,4.7184637799999996,7.049526353333331,11.08013167268814,16.6654800505263,23.60048288329412,33.952747764444474,62.75981905839541,119.73581900000019,192.76275985040675
S026696-WQ982891-1.csv,WQ982891-1.csv,41.70946,-84.49074,North America,0.0105,3.38,0.365522693333333,1941.67066434783,457.0,2432.0,43.22659255181366,50.13579309299273,39.8,0.04198822183200006,0.08158070080000004,0.27022533461333353,0.603295535709333,1.4971092159999992,3.1943474160000003,6.673530691520002,15.865372100000002,32.89477705600001,90.1136215992,161.24037572960015,1.2283282151666701,2.036839222666667,3.8173406133333367,7.329095760000001,12.67424571999998,23.1826102,39.350913066666685,76.11083893333324,134.9720272000002,251.18564923333307,388.943046666667,0.019,0.0256,0.034,0.043,0.06340000000000001,0.105,0.163,0.2603,0.35400000000000004,0.5708000000000001,0.7562,1.549070544000002,2.3583882853333322,3.8486070800000003,8.492680266666664,15.885134866666682,28.3734336,51.30060266666662,94.12032373333332,166.6349290666664,257.76311093333334,419.0461647999996
S026594-WQ982969-1.csv,WQ982969-1.csv,42.8817,-83.98468,North America,0.015,16.6,1.94442026666667,1065.24262,549.0,3446.0,20.896496413026266,23.394136375451136,30.225,0.21017342490666663,0.3111042645204592,0.5470545155292884,0.8427381725866663,1.3047362568043002,1.9643756465666617,3.077423455240006,5.004153829276186,8.665064274641079,19.64228069771989,43.00242165019995,3.4155665166666673,4.23930800248227,6.318186,7.94932061754386,9.33702235,12.10557172105265,15.7060805849462,21.41115838666665,30.7812465,60.841599224193544,117.6349189166665,0.028,0.0388,0.055,0.077,0.10250000000000004,0.137,0.17539999999999994,0.23059999999999997,0.3220000000000003,0.5433000000000001,0.8463,3.9358704255172423,4.408807773333334,6.601118026666667,8.195023017457045,10.000220601550385,13.4193610166667,18.173722239999986,23.717619409323316,34.310522666666664,78.51530998252191,129.01429046666658
S026337-WQ983116-1.csv,WQ983116-1.csv,44.445,-88.09889,North America,0.04,1.95,0.004636876,622.9696,385.0,1879.0,26.287736377240005,6.627121267491868,6.590000000000001,0.575954367456,1.3535349494857156,2.6574750464,3.8308949215999997,5.975534314080004,7.766354346666656,10.132789322666671,13.95018533843479,19.7536651752,33.76149295093332,55.41800697066668,0.20643891093333305,2.790408264000003,7.75408373333333,12.0209535466667,17.18764097855076,24.812596,31.143760533333335,38.64535279999999,60.98461116190479,95.90428213333335,143.48122559999985,0.1,0.12,0.16,0.22,0.26,0.306,0.34619999999999995,0.40880000000000005,0.48839999999999995,0.5960000000000002,0.6590000000000001,1.983001906666664,5.96469794666667,9.471261679999998,14.641519491014499,22.59727834666668,28.2660657333333,34.64068013913044,47.15691093333334,65.73034401897235,100.399574133333,153.9348442666666
S026336-WQ983123-1.csv,WQ983123-1.csv,44.30554,-88.17121,North America,0.02,3.54,0.0,327.118033333333,1176.0,5143.0,13.193713634534905,7.106945963685477,12.55729166666669,0.3659345405416667,0.8432347280118423,1.6764209274999948,2.9269248841500004,4.5565270799999995,6.213411299480645,8.681488430000002,13.16296708200666,18.820569981600006,31.30902371991659,47.77111264916665,0.32001052908510613,0.9196547681159426,3.075021600666668,5.2349504133333316,8.88056143333334,13.7218493333333,17.8213780363509,24.245375099999983,35.40779866666672,58.41342886666666,86.2028284666666,0.12,0.14775,0.21,0.2675,0.3395,0.4075,0.498,0.6054999999999999,0.778,1.122785714285715,1.5068750000000026,0.9375146791666666,2.27307212666667,4.23985086666667,7.9773735,11.9567688,16.7749018166667,21.8387420666667,30.539373833333343,42.15958566666672,67.46330116666665,106.465268666667
S026306-WQ983144-1.csv,WQ983144-1.csv,43.81611,-88.92833,North America,0.013,6.545875,1.99957903333333,735.469886666667,512.0,5133.0,4.595625355514227,40.778077162548406,32.55484804630968,0.11647826612666667,0.1403466000850001,0.18701553291333323,0.24584681156000004,0.3391097497839999,0.45320138751666716,0.71568729824,1.3593000076716664,3.020217737893334,8.012681757248895,14.184122813972262,2.45730830666667,2.622064888,2.85445142666667,3.1068839,3.3899929066666656,3.77468843333333,4.431638193333334,5.626430173333331,8.001029826666668,17.713515246666642,44.48734461333329,0.034550000000000004,0.041,0.049,0.05714999999999999,0.069,0.08,0.104,0.14539999999999997,0.2958,0.7356333333333334,1.1247699999999996,2.503098932000001,2.63709049,2.916182050666664,3.2520075,3.68757899896907,4.1829222999999995,5.196250786666664,6.857945503333332,11.003554520000002,30.49801950666675,68.28420814833332
S026304-WQ983146-1.csv,WQ983146-1.csv,43.77711,-89.05686,North America,0.02,1.58,10.8500538666667,1167.71404,619.0,4375.0,64.8168041120429,5.137308750541133,8.952054794520544,1.5462129069333348,2.409238650879996,4.015737553066665,5.626024299199997,8.062944509866663,10.747039708000024,14.228059328,18.702177440799964,23.6806885536,39.80864469973322,58.01452774533331,15.031651498181848,17.946243946666698,23.154368482424218,32.75545840000002,46.09975039999998,63.571216,87.42340053333336,121.67257013333301,164.35306693333357,222.76744482318878,281.2507166666671,0.043800000000000006,0.05993333333333334,0.082,0.105,0.125,0.152,0.177,0.205,0.24940000000000004,0.33260000000000006,0.3920999999999999,16.62963073333336,19.9700743698551,27.274741759999984,38.94739866666668,52.6857661333333,70.544228,95.74146053333334,127.7913586666668,164.49229119999984,219.0469661333334,324.2745546666656
S022927-WQ984903-1.csv,WQ984903-1.csv,38.81289,-77.22832,North America,0.012,0.95,0.12928389,315.9093,377.0,3488.0,6.930110014257633,36.07020674241517,18.705882352941146,0.018027489565333336,0.02338042664533338,0.04558770006533327,0.08586880821333331,0.1360243620786667,0.209827488,0.3609259328000001,0.67764562422,1.2338319097100021,3.557274402666669,7.128093084733334,0.5464375486666664,0.756474463,1.209139158666666,1.7699887786666701,2.825922250666666,4.327367476666669,6.897133463703703,12.507766533333362,23.571907206666676,53.10491376666672,80.68459206666671,0.017,0.02,0.02,0.028,0.03,0.0395,0.04619999999999999,0.06,0.10080000000000001,0.17,0.3179999999999995,0.525724989333333,0.7972182086666666,1.3188785573333301,1.8308463013333298,2.960987487333332,4.33188046666667,6.878976626666666,11.98001217333334,22.87967943333336,58.734352599999994,94.68724966666663
S006658-WQ984917-1.csv,WQ984917-1.csv,38.9295,-77.11707,North America,0.011,2.33818333333333,4.927,9231.277,1601.0,18495.0,199.95254940638122,41.976936970750586,16.451249999999987,1.3320160000000003,2.14076,3.6868200000000004,5.66907,8.427060000000003,12.7992,19.59524,36.94773599999999,77.17747000000003,234.29322,494.1564599999996,38.228,50.97,74.756,107.604,150.645,201.899,268.16,348.297,475.722,764.554,1146.83,0.02,0.025,0.036,0.04333333333333328,0.058,0.068,0.08,0.1,0.14,0.21,0.32902499999999973,37.945,48.98800000000001,75.889,120.34599999999999,170.46700000000007,240.693,325.643,458.732,713.583,1245.939,1832.097
S017683-WQ998711-1.csv,WQ998711-1.csv,-36.40876,147.23225,Oceania,0.011,0.17,184.0,28892.0,979.0,13593.0,2421.2898537967144,10.084207409913692,5.384615384615385,8.936,11.006400000000001,15.332,19.428,25.240400000000005,32.58,42.45599999999999,60.011999999999986,88.74800000000006,177.7996,271.0109999999993,382.0,463.0,616.0,768.0,1004.8000000000011,1384.0,1955.3999999999978,3009.0,5306.000000000022,9044.600000000002,9902.0,0.013,0.016,0.02,0.02,0.02,0.02,0.028,0.03,0.04,0.05,0.07,409.6,514.8,662.0,817.5999999999999,1007.0000000000002,1271.0,1658.1999999999998,2168.0,3182.800000000003,5945.4000000000015,9314.099999999991
S008699-WQ998712-1.csv,WQ998712-1.csv,-36.33157,144.70144,Oceania,0.014,1.8,0.0,244.463,932.0,7329.0,2.7552714300573844,13.323871098090699,6.724999999999967,0.0028260000000000004,0.0043820000000000005,0.007792000000000003,0.017132999999999985,0.03372,0.06222,0.09883199999999989,0.155768,0.23918400000000023,0.4456870000000001,0.853577999999999,0.086,0.152,0.253,0.406,0.8046000000000009,1.475,2.282799999999999,3.384,4.578800000000001,7.921600000000013,10.87979999999999,0.02,0.02,0.02,0.03,0.03,0.03,0.04,0.05,0.06,0.08,0.13449999999999934,0.1,0.18510000000000001,0.284,0.4748999999999998,0.9452,1.6345,2.308799999999997,3.3737999999999992,4.654000000000001,7.951400000000011,11.151899999999998
S017681-WQ998713-2.csv,WQ998713-2.csv,-35.9686,144.96162,Oceania,0.014,1.3,0.0,4821.8,889.0,8519.0,152.3254138902464,6.6578364394594445,7.128099173553717,1.6333600000000001,4.530000000000001,11.874400000000005,23.0264,39.263600000000004,58.023,80.39999999999999,108.63919999999999,147.072,231.86400000000006,433.4559999999999,5.4,15.8,47.5,84.2,116.02000000000002,161.0,219.5,280.0,341.0,501.9400000000005,796.0,0.09680000000000002,0.16,0.23,0.26,0.31,0.34,0.38,0.43,0.48,0.59,0.69,8.260000000000005,21.500000000000007,50.06,96.44,134.82000000000002,176.7,228.39999999999998,285.79999999999984,370.0,543.9800000000002,847.5199999999987
S017679-WQ998715-1.csv,WQ998715-1.csv,-36.17968,145.11978,Oceania,0.011,0.48,184.0,108523.0,1261.0,10703.0,1069.239325237268,23.80444706228832,6.333333333333334,11.73,17.400000000000002,28.770000000000007,42.4,60.24,79.64,104.55,149.24,291.9000000000002,835.289,1696.2,365.0,401.0,472.0,565.0,667.8000000000002,816.0,1065.0,1636.0,2986.6000000000004,9024.600000000008,17166.899999999994,0.03,0.04,0.05,0.06,0.07,0.08,0.1,0.12,0.13,0.15,0.19,358.0,388.0,455.0,532.0,635.0,750.0,967.0,1470.9999999999995,2751.0000000000027,9503.0,17361.0
S017678-WQ998716-1.csv,WQ998716-1.csv,-34.94989,143.4819,Oceania,0.1,2.4,102.2,116941.9,1201.0,10082.0,3687.240231234189,29.63959184507736,3.666666666666667,177.366,288.8,478.544,652.939,844.0000000000001,1058.0120000000002,1306.4,1718.0759999999993,2874.040000000004,11137.0,27160.0,469.86,678.63,1057.54,1387.0,1742.16,2150.95,2593.5799999999995,3171.07,4199.400000000001,11722.030000000004,26460.304999999942,0.3,0.35,0.4,0.44,0.49000000000000055,0.53,0.6,0.7,0.8,0.9,1.1,450.80000000000007,645.0000000000001,1068.7,1351.8,1730.0000000000005,2076.1,2490.0,3099.9999999999995,4227.700000000001,12310.0,27002.0
S017677-WQ998717-1.csv,WQ998717-1.csv,-35.70504,143.91986,Oceania,0.013,0.81,0.0,11140.0,1252.0,13541.0,246.30349306909204,12.027904092600243,7.333333333333334,1.411,2.862,6.864000000000001,9.137999999999998,12.0,15.924999999999999,21.013999999999992,31.220999999999997,49.138000000000005,109.21599999999992,190.49799999999993,11.0,56.0,92.0,116.0,140.0,173.0,224.0,325.0,538.0,933.0,1351.9999999999982,0.03,0.04,0.06,0.07,0.08380000000000007,0.1,0.12,0.14,0.16,0.19,0.22,20.200000000000017,54.0,86.0,107.0,131.0,164.0,212.5999999999999,298.0,489.60000000000014,843.0,1358.3499999999995
S017676-WQ998718-1.csv,WQ998718-1.csv,-33.7433,142.2688,Oceania,0.02,2.0,65.0,22075.0,432.0,4144.0,2153.8638915521856,27.455093410066926,7.987499999999997,13.702,21.599999999999998,34.620400000000004,59.85199999999999,126.05200000000004,288.94,750.4619999999982,1812.993,4134.084000000001,6074.356,7845.625,115.0,135.0,155.0,182.0,311.20000000000005,897.5,2203.8,3988.3999999999996,10157.2,15657.7,16754.55,0.08,0.11,0.17,0.2130999999999999,0.25,0.29,0.34,0.39,0.45,0.5299,0.6389999999999998,130.65,144.0,162.0,201.29999999999998,366.20000000000005,917.5,2438.5999999999985,6446.9,12829.800000000001,15908.600000000002,17272.1
S017675-WQ998719-1.csv,WQ998719-1.csv,-36.13803,146.95504,Oceania,0.011,0.82,21.0,39270.0,1019.0,11196.0,1354.557837740429,11.299827155751874,5.174999999999977,5.208000000000001,7.478,12.768,18.4298,25.580000000000002,36.449999999999996,53.856,82.068,126.11999999999999,230.41,389.4792,168.7500000000001,247.0,390.0,572.0,817.0,1115.0,1462.0,1981.5,2770.000000000002,3895.0,4902.0,0.02,0.02,0.02,0.02,0.03,0.03,0.03,0.04,0.05,0.07,0.10349999999999954,240.40000000000003,328.80000000000007,493.20000000000005,714.5999999999998,979.2,1269.0,1623.3999999999999,2153.7999999999997,2948.4000000000005,4101.200000000001,4931.999999999993
S017674-WQ998720-1.csv,WQ998720-1.csv,-34.66519,143.4846,Oceania,0.012,0.76,63.0,25178.0,396.0,4083.0,1247.0451716213634,37.0017748940962,11.5,5.2875,7.34,10.665,17.317500000000003,27.38,51.91,146.58,318.21000000000004,619.9250000000001,1283.17,1777.0252500000001,122.0,142.2,176.0,209.0,349.5999999999999,670.0,1166.1999999999998,2915.2000000000003,6074.2,9319.6,17701.0,0.02,0.03,0.04,0.05,0.06,0.07,0.08,0.09,0.116,0.16,0.23,128.75,153.5,186.0,236.0,470.0,885.0,1939.0,3773.0,6991.0,11170.500000000011,18743.5
S007604-WQ999937-1.csv,WQ999937-1.csv,49.0081,-97.2106,North America,0.032,6.5,11.4,2480.0,689.0,7636.0,104.04468345622706,12.98455732331451,4.449999999999991,6.48118,8.12112,11.42286,17.745679999999997,28.84500000000005,47.838,79.61579999999998,124.84199999999998,216.0744000000001,364.2080000000002,584.838,23.7,31.4,46.7,62.149999999999956,81.1,103.0,136.0,195.0,320.0,603.0,924.5,0.136,0.16380000000000003,0.211,0.25039999999999996,0.285,0.317,0.3557999999999999,0.389,0.4338000000000002,0.52,0.6051999999999988,31.42,40.3,58.68000000000001,81.96,105.0,135.0,196.79999999999995,319.19999999999993,513.6000000000013,887.4000000000001,1225.999999999999
