Date,Q,Baseflow
2007-01-09,2.03,2.03
2007-01-10,4.3,2.0092857142857143
2007-01-11,3.21,1.9885714285714287
2007-01-12,2.34,1.967857142857143
2007-01-13,1.91,1.91
2007-01-14,1.63,1.63
2007-01-15,1.5,1.5
2007-01-16,1.8,1.8
2007-01-17,2.19,1.8642857142857143
2007-01-18,4.26,1.8435714285714286
2007-01-19,3.0,1.822857142857143
2007-01-20,2.23,1.8021428571428573
2007-01-21,1.88,1.7814285714285716
2007-01-22,1.74,1.74
2007-01-23,1.74,1.74
2007-01-24,1.87,1.730759493670886
2007-01-25,1.65,1.65
2007-01-26,1.58,1.58
2007-01-27,1.48,1.48
2007-01-28,1.42,1.42
2007-01-29,1.36,1.36
2007-01-30,1.33,1.33
2007-01-31,1.3,1.3
2007-02-01,1.25,1.25
2007-02-02,1.24,1.24
2007-02-03,1.21,1.21
2007-02-04,1.21,1.21
2007-02-05,1.24,1.24
2007-02-06,1.24,1.24
2007-02-07,1.19,1.19
2007-02-08,1.22,1.22
2007-02-09,1.22,1.22
2007-02-10,1.5,1.5
2007-02-11,2.66,1.5644303797468355
2007-02-12,2.45,1.5551898734177216
2007-02-13,2.1,1.5459493670886078
2007-02-14,2.07,1.5367088607594936
2007-02-15,1.85,1.5274683544303798
2007-02-16,1.69,1.5182278481012659
2007-02-17,1.53,1.508987341772152
2007-02-18,1.42,1.42
2007-02-19,1.4,1.4
2007-02-20,1.37,1.37
2007-02-21,1.38,1.38
2007-02-22,1.42,1.42
2007-02-23,1.42,1.42
2007-02-24,1.58,1.4443037974683546
2007-02-25,1.56,1.4350632911392407
2007-02-26,1.56,1.4258227848101266
2007-02-27,1.91,1.4165822784810127
2007-02-28,2.03,1.4073417721518988
2007-03-01,1.81,1.398101265822785
2007-03-02,1.83,1.3888607594936708
2007-03-03,4.17,1.379620253164557
2007-03-04,2.84,1.370379746835443
2007-03-05,2.68,1.3611392405063292
2007-03-06,2.21,1.3518987341772153
2007-03-07,1.87,1.3426582278481014
2007-03-08,1.65,1.3334177215189875
2007-03-09,1.54,1.3241772151898734
2007-03-10,1.46,1.3149367088607595
2007-03-11,1.41,1.3056962025316456
2007-03-12,1.37,1.2964556962025315
2007-03-13,1.32,1.2872151898734177
2007-03-14,1.26,1.26
2007-03-15,1.25,1.25
2007-03-16,1.22,1.22
2007-03-17,1.2,1.2
2007-03-18,1.23,1.23
2007-03-19,1.26,1.2317721518987343
2007-03-20,1.52,1.2225316455696202
2007-03-21,1.31,1.2132911392405064
2007-03-22,1.26,1.2040506329113925
2007-03-23,1.22,1.1948101265822784
2007-03-24,1.22,1.1855696202531645
2007-03-25,1.2,1.1763291139240506
2007-03-26,1.19,1.1670886075949367
2007-03-27,1.17,1.1578481012658228
2007-03-28,1.13,1.13
2007-03-29,1.12,1.12
2007-03-30,1.11,1.11
2007-03-31,1.1,1.1
2007-04-01,1.07,1.07
2007-04-02,1.05,1.05
2007-04-03,1.06,1.06
2007-04-04,1.07,1.07
2007-04-05,1.06,1.06
2007-04-06,1.06,1.06
2007-04-07,1.05,1.05
2007-04-08,1.04,1.04
2007-04-09,1.03,1.03
2007-04-10,1.03,1.028481012658228
2007-04-11,1.01,1.01
2007-04-12,1.01,1.01
2007-04-13,1.02,1.0040714285714283
2007-04-14,1.01,0.9981428571428568
2007-04-15,1.0,0.9922142857142854
2007-04-16,0.987,0.986285714285714
2007-04-17,0.988,0.9803571428571425
2007-04-18,0.991,0.9744285714285711
2007-04-19,0.965,0.965
2007-04-20,0.952,0.952
2007-04-21,0.924,0.924
2007-04-22,0.911,0.911
2007-04-23,0.949,0.944785714285714
2007-04-24,0.954,0.9388571428571425
2007-04-25,0.946,0.9329285714285711
2007-04-26,0.927,0.9269999999999997
2007-04-27,0.933,0.9206000000000011
2007-04-28,0.922,0.914200000000001
2007-04-29,0.917,0.907800000000001
2007-04-30,0.899,0.899
2007-05-01,0.895,0.895
2007-05-02,0.903,0.9002439024390247
2007-05-03,0.901,0.901
2007-05-04,0.911,0.9107317073170735
2007-05-05,0.912,0.912
2007-05-06,0.917,0.917
2007-05-07,0.96,0.9264634146341467
2007-05-08,0.943,0.9317073170731711
2007-05-09,0.971,0.9369512195121955
2007-05-10,1.06,0.9421951219512199
2007-05-11,1.52,0.9474390243902443
2007-05-12,1.25,0.9526829268292687
2007-05-13,1.33,0.9579268292682931
2007-05-14,1.41,0.9631707317073175
2007-05-15,1.26,0.9684146341463419
2007-05-16,1.37,0.9736585365853663
2007-05-17,1.47,0.9789024390243907
2007-05-18,1.19,0.9841463414634151
2007-05-19,1.07,0.9893902439024395
2007-05-20,1.02,0.9946341463414639
2007-05-21,0.999,0.999
2007-05-22,0.945,0.945
2007-05-23,0.921,0.921
2007-05-24,0.916,0.916
2007-05-25,0.9,0.9
2007-05-26,0.972,0.972
2007-05-27,2.43,1.0313414634146345
2007-05-28,5.42,1.036585365853659
2007-05-29,5.83,1.0418292682926835
2007-05-30,2.83,1.0470731707317078
2007-05-31,1.9,1.052317073170732
2007-06-01,1.54,1.0575609756097566
2007-06-02,1.38,1.062804878048781
2007-06-03,1.27,1.0680487804878054
2007-06-04,1.17,1.0732926829268297
2007-06-05,1.13,1.0785365853658542
2007-06-06,1.08,1.08
2007-06-07,1.12,1.0890243902439027
2007-06-08,1.19,1.0942682926829272
2007-06-09,1.16,1.0995121951219518
2007-06-10,1.13,1.104756097560976
2007-06-11,1.11,1.11
2007-06-12,1.63,1.2675000000000018
2007-06-13,1.57,1.4250000000000007
2007-06-14,2.67,1.5824999999999996
2007-06-15,6.21,1.740000000000002
2007-06-16,5.86,1.8975000000000009
2007-06-17,3.63,2.0549999999999997
2007-06-18,2.45,2.212500000000002
2007-06-19,2.37,2.37
2007-06-20,2.82,2.3777777777777827
2007-06-21,2.14,2.14
2007-06-22,1.74,1.74
2007-06-23,1.75,1.75
2007-06-24,2.21,2.21
2007-06-25,5.38,2.4166666666666714
2007-06-26,5.54,2.4244444444444486
2007-06-27,3.17,2.4322222222222267
2007-06-28,2.44,2.44
2007-06-29,2.98,2.430909090909091
2007-06-30,2.83,2.421818181818182
2007-07-01,2.64,2.412727272727273
2007-07-02,2.58,2.403636363636364
2007-07-03,3.28,2.3945454545454545
2007-07-04,3.08,2.3854545454545457
2007-07-05,3.38,2.3763636363636365
2007-07-06,2.83,2.367272727272727
2007-07-07,2.14,2.14
2007-07-08,1.81,1.81
2007-07-09,1.79,1.79
2007-07-10,1.69,1.69
2007-07-11,1.56,1.56
2007-07-12,1.5,1.5
2007-07-13,1.43,1.43
2007-07-14,1.35,1.35
2007-07-15,1.37,1.37
2007-07-16,1.5,1.5
2007-07-17,1.59,1.59
2007-07-18,1.47,1.47
2007-07-19,1.37,1.37
2007-07-20,1.73,1.73
2007-07-21,2.11,2.11
2007-07-22,1.79,1.79
2007-07-23,1.65,1.65
2007-07-24,1.51,1.51
2007-07-25,1.41,1.41
2007-07-26,1.39,1.39
2007-07-27,1.34,1.34
2007-07-28,1.27,1.27
2007-07-29,1.25,1.25
2007-07-30,1.21,1.21
2007-07-31,1.19,1.19
2007-08-01,1.17,1.17
2007-08-02,1.16,1.16
2007-08-03,1.13,1.13
2007-08-04,1.1,1.1
2007-08-05,1.09,1.09
2007-08-06,1.07,1.07
2007-08-07,1.06,1.06
2007-08-08,1.04,1.04
2007-08-09,1.05,1.05
2007-08-10,1.05,1.05
2007-08-11,1.05,1.05
2007-08-12,1.04,1.04
2007-08-13,1.04,1.04
2007-08-14,1.05,1.05
2007-08-15,1.12,1.12
2007-08-16,1.13,1.13
2007-08-17,1.1,1.1
2007-08-18,1.09,1.09
2007-08-19,1.29,1.29
2007-08-20,2.7,1.9581818181818185
2007-08-21,2.14,1.9490909090909092
2007-08-22,2.29,1.9400000000000004
2007-08-23,2.9,1.9309090909090911
2007-08-24,2.85,1.9218181818181819
2007-08-25,2.04,1.912727272727273
2007-08-26,1.66,1.66
2007-08-27,1.48,1.48
2007-08-28,1.34,1.34
2007-08-29,1.34,1.34
2007-08-30,1.25,1.25
2007-08-31,1.25,1.25
2007-09-01,1.21,1.21
2007-09-02,1.29,1.29
2007-09-03,1.5,1.5
2007-09-04,1.33,1.33
2007-09-05,1.26,1.26
2007-09-06,1.23,1.23
2007-09-07,1.19,1.19
2007-09-08,1.18,1.18
2007-09-09,1.15,1.15
2007-09-10,1.11,1.11
2007-09-11,1.04,1.04
2007-09-12,1.04,1.04
2007-09-13,1.04,1.04
2007-09-14,1.04,1.04
2007-09-15,1.05,1.05
2007-09-16,1.03,1.03
2007-09-17,1.05,1.05
2007-09-18,1.17,1.17
2007-09-19,1.13,1.13
2007-09-20,1.09,1.09
2007-09-21,1.06,1.06
2007-09-22,1.05,1.05
2007-09-23,1.05,1.05
2007-09-24,1.12,1.12
2007-09-25,1.15,1.15
2007-09-26,1.26,1.26
2007-09-27,1.36,1.36
2007-09-28,1.43,1.43
2007-09-29,1.56,1.56
2007-09-30,1.36,1.36
2007-10-01,1.27,1.27
2007-10-02,1.21,1.21
2007-10-03,1.2,1.2
2007-10-04,1.16,1.16
2007-10-05,1.13,1.13
2007-10-06,1.13,1.13
2007-10-07,1.11,1.11
2007-10-08,1.1,1.1
2007-10-09,1.71,1.5036363636363639
2007-10-10,2.22,1.4945454545454546
2007-10-11,1.67,1.4854545454545458
2007-10-12,1.47,1.47
2007-10-13,1.36,1.36
2007-10-14,1.3,1.3
2007-10-15,1.27,1.27
2007-10-16,1.78,1.4400000000000004
2007-10-17,3.87,1.4309090909090911
2007-10-18,2.73,1.4218181818181819
2007-10-19,1.98,1.412727272727273
2007-10-20,1.72,1.4036363636363638
2007-10-21,1.6,1.3945454545454545
2007-10-22,1.53,1.3854545454545457
2007-10-23,1.44,1.3763636363636365
2007-10-24,1.4,1.3672727272727276
2007-10-25,1.38,1.3581818181818184
2007-10-26,1.37,1.3490909090909091
2007-10-27,1.34,1.34
2007-10-28,1.43,1.3345454545454576
2007-10-29,1.41,1.329090909090912
2007-10-30,1.35,1.3236363636363666
2007-10-31,1.33,1.318181818181821
2007-11-01,1.32,1.3127272727272756
2007-11-02,1.31,1.3072727272727303
2007-11-03,1.32,1.3018181818181846
2007-11-04,1.31,1.2963636363636393
2007-11-05,1.29,1.29
2007-11-06,1.28,1.28
2007-11-07,1.28,1.28
2007-11-08,1.29,1.2873809523809525
2007-11-09,1.24,1.24
2007-11-10,1.27,1.27
2007-11-11,1.29,1.29
2007-11-12,1.36,1.316904761904762
2007-11-13,2.19,1.3242857142857143
2007-11-14,2.58,1.3316666666666666
2007-11-15,1.95,1.3390476190476188
2007-11-16,1.69,1.3464285714285715
2007-11-17,1.59,1.3538095238095238
2007-11-18,1.58,1.361190476190476
2007-11-19,1.63,1.3685714285714283
2007-11-20,2.01,1.375952380952381
2007-11-21,2.34,1.3833333333333333
2007-11-22,2.18,1.3907142857142856
2007-11-23,2.29,1.3980952380952378
2007-11-24,2.02,1.4054761904761905
2007-11-25,1.85,1.4128571428571428
2007-11-26,1.69,1.420238095238095
2007-11-27,1.63,1.4276190476190478
2007-11-28,1.61,1.435
2007-11-29,1.58,1.4423809523809523
2007-11-30,1.56,1.4497619047619046
2007-12-01,1.55,1.4571428571428573
2007-12-02,1.65,1.4645238095238096
2007-12-03,1.66,1.4719047619047618
2007-12-04,1.61,1.479285714285714
2007-12-05,1.68,1.4866666666666668
2007-12-06,2.31,1.494047619047619
2007-12-07,3.35,1.5014285714285713
2007-12-08,2.92,1.5088095238095236
2007-12-09,2.73,1.5161904761904763
2007-12-10,2.31,1.5235714285714286
2007-12-11,2.23,1.5309523809523808
2007-12-12,2.08,1.538333333333333
2007-12-13,1.93,1.5457142857142858
2007-12-14,1.86,1.553095238095238
2007-12-15,1.79,1.5604761904761904
2007-12-16,1.72,1.567857142857143
2007-12-17,1.67,1.5752380952380953
2007-12-18,1.62,1.5826190476190476
2007-12-19,1.59,1.5899999999999999
2007-12-20,1.61,1.608333333333328
2007-12-21,1.6,1.6
2007-12-22,1.57,1.57
2007-12-23,1.53,1.53
2007-12-24,1.55,1.55
2007-12-25,1.84,1.6999999999999948
2007-12-26,1.79,1.7183333333333284
2007-12-27,1.73,1.73
2007-12-28,1.87,1.7549999999999946
2007-12-29,2.3,1.773333333333328
2007-12-30,1.94,1.7916666666666616
2007-12-31,1.81,1.8099999999999952
2008-01-01,1.82,1.82
2008-01-02,1.81,1.81
2008-01-03,1.77,1.77
2008-01-04,1.79,1.79
2008-01-05,1.85,1.85
2008-01-06,1.73,1.73
2008-01-07,1.69,1.69
2008-01-08,1.64,1.64
2008-01-09,1.71,1.71
2008-01-10,1.75,1.75
2008-01-11,2.78,2.3104999999999993
2008-01-12,3.86,2.356
2008-01-13,2.73,2.401499999999997
2008-01-14,2.36,2.36
2008-01-15,4.24,2.492499999999998
2008-01-16,5.59,2.5379999999999985
2008-01-17,3.4,2.583499999999999
2008-01-18,2.93,2.6289999999999996
2008-01-19,2.8,2.6744999999999965
2008-01-20,2.72,2.719999999999997
2008-01-21,3.19,2.6696296296296325
2008-01-22,3.03,2.6192592592592625
2008-01-23,2.48,2.48
2008-01-24,2.13,2.13
2008-01-25,1.94,1.94
2008-01-26,1.86,1.86
2008-01-27,1.75,1.75
2008-01-28,1.69,1.69
2008-01-29,1.67,1.67
2008-01-30,1.6,1.6
2008-01-31,1.66,1.66
2008-02-01,1.72,1.72
2008-02-02,1.78,1.78
2008-02-03,1.71,1.71
2008-02-04,1.79,1.79
2008-02-05,1.95,1.914074074074076
2008-02-06,1.91,1.863703703703706
2008-02-07,1.76,1.76
2008-02-08,1.66,1.66
2008-02-09,1.6,1.6
2008-02-10,1.53,1.53
2008-02-11,1.5,1.5
2008-02-12,1.48,1.48
2008-02-13,1.43,1.43
2008-02-14,1.42,1.42
2008-02-15,1.39,1.39
2008-02-16,1.36,1.36
2008-02-17,1.37,1.3541666666666665
2008-02-18,1.36,1.3483333333333332
2008-02-19,1.39,1.3424999999999998
2008-02-20,1.38,1.3366666666666664
2008-02-21,1.35,1.330833333333333
2008-02-22,1.33,1.3249999999999997
2008-02-23,1.31,1.31
2008-02-24,1.31,1.31
2008-02-25,1.33,1.3074999999999997
2008-02-26,1.48,1.3016666666666663
2008-02-27,1.33,1.295833333333333
2008-02-28,1.29,1.2899999999999996
2008-02-29,1.34,1.332499999999996
2008-03-01,1.33,1.33
2008-03-02,1.27,1.27
2008-03-03,1.26,1.26
2008-03-04,1.24,1.24
2008-03-05,1.22,1.22
2008-03-06,1.24,1.24
2008-03-07,1.26,1.26
2008-03-08,1.3,1.3
2008-03-09,1.34,1.34
2008-03-10,1.81,1.7574999999999932
2008-03-11,1.91,1.7999999999999936
2008-03-12,1.6,1.6
2008-03-13,1.45,1.45
2008-03-14,1.38,1.38
2008-03-15,1.82,1.82
2008-03-16,4.76,2.0124999999999957
2008-03-17,2.75,2.0549999999999926
2008-03-18,2.18,2.097499999999993
2008-03-19,2.16,2.1399999999999935
2008-03-20,2.48,2.182499999999994
2008-03-21,2.62,2.2249999999999943
2008-03-22,3.25,2.2674999999999947
2008-03-23,2.97,2.309999999999995
2008-03-24,3.57,2.3524999999999956
2008-03-25,3.43,2.3949999999999925
2008-03-26,3.06,2.437499999999993
2008-03-27,2.48,2.4799999999999933
2008-03-28,2.77,2.3687500000000057
2008-03-29,2.69,2.2575000000000074
2008-03-30,2.25,2.146250000000002
2008-03-31,1.96,1.96
2008-04-01,1.9,1.9
2008-04-02,1.7,1.7
2008-04-03,1.63,1.63
2008-04-04,1.59,1.59
2008-04-05,1.6,1.5778947368421044
2008-04-06,1.59,1.5657894736842097
2008-04-07,2.07,1.5536842105263142
2008-04-08,2.04,1.5415789473684196
2008-04-09,1.89,1.529473684210525
2008-04-10,1.72,1.5173684210526304
2008-04-11,1.71,1.5052631578947357
2008-04-12,1.61,1.4931578947368411
2008-04-13,1.59,1.4810526315789465
2008-04-14,1.58,1.468947368421052
2008-04-15,1.59,1.4568421052631564
2008-04-16,1.65,1.4447368421052618
2008-04-17,1.62,1.4326315789473671
2008-04-18,1.55,1.4205263157894725
2008-04-19,1.48,1.408421052631578
2008-04-20,1.48,1.3963157894736833
2008-04-21,1.44,1.3842105263157887
2008-04-22,1.39,1.3721052631578932
2008-04-23,1.36,1.3599999999999985
2008-04-24,1.43,1.3511538461538493
2008-04-25,1.39,1.3423076923076955
2008-04-26,1.34,1.333461538461541
2008-04-27,1.35,1.3246153846153872
2008-04-28,1.32,1.3157692307692335
2008-04-29,1.4,1.3069230769230797
2008-04-30,1.69,1.298076923076926
2008-05-01,1.46,1.2892307692307723
2008-05-02,1.38,1.2803846153846186
2008-05-03,1.32,1.271538461538464
2008-05-04,1.29,1.2626923076923102
2008-05-05,1.26,1.2538461538461565
2008-05-06,1.23,1.23
2008-05-07,1.21,1.21
2008-05-08,1.18,1.18
2008-05-09,1.16,1.16
2008-05-10,1.13,1.13
2008-05-11,1.11,1.11
2008-05-12,1.1,1.1
2008-05-13,1.13,1.13
2008-05-14,1.14,1.14
2008-05-15,1.13,1.13
2008-05-16,1.16,1.1565384615384646
2008-05-17,1.18,1.14769230769231
2008-05-18,1.16,1.1388461538461563
2008-05-19,1.13,1.13
2008-05-20,1.14,1.12735294117647
2008-05-21,1.13,1.1247058823529406
2008-05-22,1.12,1.12
2008-05-23,1.12,1.1194117647058817
2008-05-24,1.11,1.11
2008-05-25,1.12,1.114117647058823
2008-05-26,1.16,1.1114705882352935
2008-05-27,1.44,1.108823529411764
2008-05-28,1.47,1.1061764705882347
2008-05-29,1.36,1.1035294117647052
2008-05-30,1.42,1.1008823529411758
2008-05-31,1.33,1.0982352941176465
2008-06-01,1.32,1.095588235294117
2008-06-02,1.34,1.0929411764705876
2008-06-03,1.38,1.0902941176470582
2008-06-04,1.15,1.0876470588235287
2008-06-05,1.11,1.0849999999999993
2008-06-06,1.52,1.0823529411764699
2008-06-07,1.54,1.0797058823529406
2008-06-08,1.35,1.0770588235294112
2008-06-09,1.18,1.0744117647058817
2008-06-10,1.12,1.0717647058823523
2008-06-11,1.1,1.0691176470588228
2008-06-12,1.24,1.0664705882352934
2008-06-13,1.14,1.0638235294117642
2008-06-14,1.1,1.0611764705882347
2008-06-15,1.07,1.0585294117647053
2008-06-16,1.04,1.04
2008-06-17,1.02,1.02
2008-06-18,1.02,1.02
2008-06-19,0.985,0.985
2008-06-20,0.967,0.967
2008-06-21,0.997,0.997
2008-06-22,1.04,1.0399999999999994
2008-06-23,0.96,0.96
2008-06-24,0.946,0.946
2008-06-25,0.948,0.948
2008-06-26,0.993,0.993
2008-06-27,1.06,1.0267647058823524
2008-06-28,0.98,0.98
2008-06-29,0.975,0.975
2008-06-30,0.952,0.952
2008-07-01,0.911,0.911
2008-07-02,0.912,0.912
2008-07-03,0.961,0.961
2008-07-04,0.975,0.975
2008-07-05,0.95,0.95
2008-07-06,0.958,0.958
2008-07-07,1.03,1.0002941176470583
2008-07-08,0.998,0.9976470588235289
2008-07-09,0.995,0.9949999999999994
2008-07-10,1.08,0.9872105263157858
2008-07-11,1.05,0.9794210526315759
2008-07-12,1.24,0.9716315789473651
2008-07-13,1.11,0.9638421052631543
2008-07-14,1.0,0.9560526315789444
2008-07-15,0.976,0.9482631578947336
2008-07-16,0.949,0.9404736842105228
2008-07-17,0.988,0.9326842105263129
2008-07-18,1.01,0.9248947368421021
2008-07-19,1.13,0.9171052631578913
2008-07-20,1.06,0.9093157894736805
2008-07-21,1.0,0.9015263157894706
2008-07-22,0.979,0.8937368421052598
2008-07-23,0.951,0.885947368421049
2008-07-24,0.933,0.8781578947368391
2008-07-25,0.916,0.8703684210526283
2008-07-26,0.895,0.8625789473684176
2008-07-27,0.85,0.85
2008-07-28,0.847,0.8469999999999969
2008-07-29,0.978,0.8629285714285686
2008-07-30,0.869,0.869
2008-07-31,0.858,0.858
2008-08-01,0.868,0.868
2008-08-02,1.01,0.9266428571428555
2008-08-03,1.23,0.9425714285714264
2008-08-04,1.27,0.9584999999999972
2008-08-05,1.08,0.9744285714285699
2008-08-06,1.04,0.9903571428571407
2008-08-07,1.2,1.0062857142857116
2008-08-08,1.47,1.0222142857142842
2008-08-09,1.19,1.038142857142855
2008-08-10,1.13,1.0540714285714259
2008-08-11,1.07,1.0699999999999985
2008-08-12,2.46,1.0642941176470577
2008-08-13,1.64,1.0585882352941165
2008-08-14,1.32,1.0528823529411753
2008-08-15,1.15,1.0471764705882345
2008-08-16,1.09,1.0414705882352933
2008-08-17,1.21,1.035764705882352
2008-08-18,1.15,1.0300588235294108
2008-08-19,1.11,1.0243529411764696
2008-08-20,1.07,1.0186470588235284
2008-08-21,1.06,1.0129411764705871
2008-08-22,1.06,1.007235294117646
2008-08-23,1.07,1.0015294117647047
2008-08-24,1.07,0.9958235294117634
2008-08-25,1.04,0.9901176470588227
2008-08-26,0.997,0.9844117647058814
2008-08-27,0.986,0.9787058823529402
2008-08-28,0.973,0.972999999999999
2008-08-29,0.987,0.9750172413793108
2008-08-30,0.985,0.977034482758621
2008-08-31,1.24,0.9790517241379315
2008-09-01,1.35,0.9810689655172418
2008-09-02,1.24,0.983086206896552
2008-09-03,1.17,0.9851034482758625
2008-09-04,1.32,0.9871206896551727
2008-09-05,1.52,0.9891379310344832
2008-09-06,1.47,0.9911551724137935
2008-09-07,2.03,0.9931724137931037
2008-09-08,1.54,0.9951896551724142
2008-09-09,1.37,0.9972068965517245
2008-09-10,1.27,0.9992241379310349
2008-09-11,1.19,1.0012413793103452
2008-09-12,1.32,1.0032586206896557
2008-09-13,1.36,1.005275862068966
2008-09-14,1.24,1.0072931034482762
2008-09-15,1.16,1.0093103448275866
2008-09-16,1.12,1.011327586206897
2008-09-17,1.09,1.0133448275862074
2008-09-18,1.08,1.0153620689655176
2008-09-19,1.03,1.017379310344828
2008-09-20,1.0,1.0
2008-09-21,1.01,1.01
2008-09-22,1.01,1.01
2008-09-23,1.0,1.0
2008-09-24,0.998,0.998
2008-09-25,0.977,0.977
2008-09-26,0.971,0.971
2008-09-27,0.973,0.973
2008-09-28,0.984,0.984
2008-09-29,0.973,0.973
2008-09-30,1.09,1.0395689655172418
2008-10-01,1.07,1.0415862068965522
2008-10-02,1.12,1.0436034482758625
2008-10-03,1.37,1.0456206896551727
2008-10-04,1.39,1.0476379310344832
2008-10-05,4.32,1.0496551724137935
2008-10-06,4.65,1.051672413793104
2008-10-07,2.3,1.0536896551724142
2008-10-08,1.73,1.0557068965517247
2008-10-09,1.46,1.057724137931035
2008-10-10,1.36,1.0597413793103452
2008-10-11,1.27,1.0617586206896557
2008-10-12,1.24,1.063775862068966
2008-10-13,1.19,1.0657931034482764
2008-10-14,1.17,1.0678103448275866
2008-10-15,1.17,1.069827586206897
2008-10-16,1.1,1.0718448275862074
2008-10-17,1.08,1.0738620689655176
2008-10-18,1.08,1.075879310344828
2008-10-19,1.08,1.0778965517241383
2008-10-20,1.25,1.0799137931034488
2008-10-21,1.34,1.081931034482759
2008-10-22,1.15,1.0839482758620693
2008-10-23,1.12,1.0859655172413798
2008-10-24,1.11,1.08798275862069
2008-10-25,1.09,1.09
2008-10-26,1.42,1.1008695652173888
2008-10-27,1.41,1.1117391304347803
2008-10-28,1.32,1.122608695652171
2008-10-29,1.3,1.1334782608695626
2008-10-30,1.3,1.1443478260869542
2008-10-31,1.26,1.1552173913043449
2008-11-01,1.97,1.1660869565217364
2008-11-02,3.23,1.176956521739128
2008-11-03,2.1,1.1878260869565187
2008-11-04,1.78,1.1986956521739103
2008-11-05,1.62,1.2095652173913019
2008-11-06,1.54,1.2204347826086925
2008-11-07,1.46,1.2313043478260841
2008-11-08,1.42,1.2421739130434757
2008-11-09,1.68,1.2530434782608673
2008-11-10,3.12,1.263913043478258
2008-11-11,2.89,1.2747826086956495
2008-11-12,1.98,1.285652173913041
2008-11-13,1.68,1.2965217391304318
2008-11-14,1.57,1.3073913043478234
2008-11-15,1.48,1.318260869565215
2008-11-16,1.41,1.3291304347826056
2008-11-17,1.34,1.3399999999999972
2008-11-18,1.39,1.3862500000000075
2008-11-19,1.33,1.33
2008-11-20,1.33,1.33
2008-11-21,1.38,1.38
2008-11-22,2.27,1.5712500000000063
2008-11-23,2.59,1.6175000000000068
2008-11-24,3.7,1.6637500000000074
2008-11-25,3.43,1.710000000000008
2008-11-26,2.42,1.7562500000000085
2008-11-27,2.07,1.802500000000009
2008-11-28,2.06,1.848750000000006
2008-11-29,1.97,1.8950000000000067
2008-11-30,2.1,1.9412500000000108
2008-12-01,2.73,1.9875000000000114
2008-12-02,2.27,2.033750000000005
2008-12-03,2.08,2.08
2008-12-04,2.74,2.0605882352941176
2008-12-05,2.48,2.041176470588235
2008-12-06,2.09,2.0217647058823527
2008-12-07,1.9,1.9
2008-12-08,1.86,1.86
2008-12-09,2.21,1.9635294117647053
2008-12-10,2.55,1.9441176470588228
2008-12-11,2.85,1.9247058823529404
2008-12-12,2.48,1.905294117647058
2008-12-13,2.53,1.8858823529411755
2008-12-14,2.74,1.866470588235293
2008-12-15,2.2,1.8470588235294105
2008-12-16,1.96,1.827647058823528
2008-12-17,1.85,1.8082352941176474
2008-12-18,1.78,1.78
2008-12-19,1.75,1.75
2008-12-20,1.75,1.75
2008-12-21,1.79,1.7462857142857158
2008-12-22,1.7,1.7
2008-12-23,1.63,1.63
2008-12-24,1.58,1.58
2008-12-25,1.55,1.55
2008-12-26,1.49,1.49
2008-12-27,1.47,1.47
2008-12-28,1.44,1.44
2008-12-29,1.39,1.39
2008-12-30,1.36,1.36
2008-12-31,1.36,1.36
2009-01-01,1.36,1.36
2009-01-02,1.35,1.35
2009-01-03,1.33,1.33
2009-01-04,1.33,1.33
2009-01-05,1.33,1.33
2009-01-06,1.29,1.29
2009-01-07,1.29,1.29
2009-01-08,1.29,1.29
2009-01-09,1.28,1.28
2009-01-10,1.26,1.26
2009-01-11,1.27,1.27
2009-01-12,1.35,1.35
2009-01-13,1.36,1.36
2009-01-14,1.33,1.33
2009-01-15,1.32,1.32
2009-01-16,1.35,1.35
2009-01-17,1.71,1.6460000000000012
2009-01-18,1.86,1.6422857142857157
2009-01-19,1.96,1.6385714285714301
2009-01-20,1.76,1.6348571428571441
2009-01-21,1.59,1.59
2009-01-22,2.24,1.627428571428573
2009-01-23,2.31,1.623714285714287
2009-01-24,2.03,1.6200000000000014
2009-01-25,2.13,1.6162857142857154
2009-01-26,2.17,1.6125714285714299
2009-01-27,1.85,1.6088571428571443
2009-01-28,1.83,1.6051428571428583
2009-01-29,1.78,1.6014285714285728
2009-01-30,1.68,1.5977142857142872
2009-01-31,1.6,1.5940000000000012
2009-02-01,1.55,1.55
2009-02-02,1.82,1.58657142857143
2009-02-03,2.37,1.582857142857144
2009-02-04,2.15,1.5791428571428585
2009-02-05,2.23,1.575428571428573
2009-02-06,3.13,1.571714285714287
2009-02-07,2.77,1.5680000000000014
2009-02-08,2.18,1.5642857142857158
2009-02-09,2.5,1.5605714285714298
2009-02-10,4.86,1.5568571428571443
2009-02-11,3.19,1.5531428571428587
2009-02-12,2.54,1.5494285714285727
2009-02-13,2.4,1.5457142857142872
2009-02-14,2.17,1.5420000000000016
2009-02-15,2.02,1.5382857142857156
2009-02-16,1.89,1.53457142857143
2009-02-17,1.87,1.530857142857144
2009-02-18,1.87,1.5271428571428585
2009-02-19,1.82,1.523428571428573
2009-02-20,1.75,1.519714285714287
2009-02-21,1.7,1.5160000000000013
2009-02-22,1.65,1.5122857142857158
2009-02-23,1.63,1.5085714285714298
2009-02-24,1.63,1.5048571428571442
2009-02-25,1.6,1.5011428571428587
2009-02-26,1.55,1.4974285714285727
2009-02-27,1.53,1.493714285714287
2009-02-28,1.49,1.49
2009-03-01,1.5,1.497142857142852
2009-03-02,1.45,1.45
2009-03-03,1.5,1.5
2009-03-04,2.09,1.5185714285714234
2009-03-05,1.74,1.5257142857142805
2009-03-06,1.57,1.5328571428571376
2009-03-07,1.54,1.5399999999999956
2009-03-08,1.56,1.53500000000001
2009-03-09,1.5,1.5
2009-03-10,1.78,1.5250000000000101
2009-03-11,1.61,1.5200000000000102
2009-03-12,1.58,1.5150000000000103
2009-03-13,1.52,1.51000000000001
2009-03-14,1.48,1.48
2009-03-15,1.41,1.41
2009-03-16,1.39,1.39
2009-03-17,1.36,1.36
2009-03-18,1.36,1.36
2009-03-19,1.34,1.34
2009-03-20,1.32,1.32
2009-03-21,1.3,1.3
2009-03-22,1.28,1.28
2009-03-23,1.38,1.38
2009-03-24,1.57,1.4550000000000098
2009-03-25,1.62,1.45000000000001
2009-03-26,1.51,1.44500000000001
2009-03-27,1.44,1.44
2009-03-28,1.46,1.4326666666666616
2009-03-29,1.42,1.42
2009-03-30,1.36,1.36
2009-03-31,1.33,1.33
2009-04-01,1.32,1.32
2009-04-02,1.34,1.34
2009-04-03,1.37,1.37
2009-04-04,1.37,1.37
2009-04-05,1.34,1.34
2009-04-06,1.37,1.3666666666666618
2009-04-07,1.34,1.34
2009-04-08,1.35,1.35
2009-04-09,1.36,1.3446666666666616
2009-04-10,1.36,1.337333333333329
2009-04-11,1.55,1.3299999999999956
2009-04-12,1.53,1.3226666666666622
2009-04-13,1.46,1.3153333333333288
2009-04-14,1.43,1.3079999999999954
2009-04-15,1.38,1.300666666666662
2009-04-16,1.37,1.2933333333333286
2009-04-17,1.35,1.2859999999999951
2009-04-18,1.31,1.2786666666666617
2009-04-19,1.29,1.2713333333333283
2009-04-20,1.27,1.263999999999995
2009-04-21,1.27,1.2566666666666624
2009-04-22,1.23,1.23
2009-04-23,1.28,1.2419999999999956
2009-04-24,1.25,1.2346666666666621
2009-04-25,1.22,1.22
2009-04-26,1.22,1.2199999999999953
2009-04-27,1.29,1.2112499999999944
2009-04-28,1.28,1.2024999999999944
2009-04-29,1.22,1.1937499999999943
2009-04-30,1.2,1.1849999999999943
2009-05-01,1.18,1.1762499999999942
2009-05-02,1.17,1.1674999999999942
2009-05-03,1.16,1.1587499999999942
2009-05-04,1.15,1.1499999999999941
2009-05-05,1.21,1.1457142857142926
2009-05-06,1.17,1.1414285714285781
2009-05-07,1.14,1.1371428571428641
2009-05-08,1.14,1.1328571428571497
2009-05-09,1.12,1.12
2009-05-10,1.11,1.11
2009-05-11,1.09,1.09
2009-05-12,1.08,1.08
2009-05-13,1.1,1.1
2009-05-14,1.2,1.1071428571428639
2009-05-15,1.56,1.1028571428571499
2009-05-16,1.22,1.0985714285714354
2009-05-17,1.15,1.0942857142857214
2009-05-18,1.09,1.09
2009-05-19,1.1,1.0884848484848468
2009-05-20,1.03,1.03
2009-05-21,1.03,1.03
2009-05-22,1.03,1.03
2009-05-23,1.0,1.0
2009-05-24,0.974,0.974
2009-05-25,0.99,0.99
2009-05-26,1.08,1.0778787878787863
2009-05-27,1.03,1.03
2009-05-28,0.994,0.994
2009-05-29,0.964,0.964
2009-05-30,0.935,0.935
2009-05-31,0.931,0.931
2009-06-01,0.905,0.905
2009-06-02,0.896,0.896
2009-06-03,0.898,0.898
2009-06-04,0.898,0.898
2009-06-05,0.903,0.903
2009-06-06,0.892,0.892
2009-06-07,1.13,1.059696969696968
2009-06-08,1.12,1.0581818181818166
2009-06-09,1.06,1.056666666666665
2009-06-10,1.07,1.0551515151515136
2009-06-11,1.34,1.053636363636362
2009-06-12,1.11,1.0521212121212105
2009-06-13,1.04,1.04
2009-06-14,1.04,1.04
2009-06-15,1.36,1.047575757575756
2009-06-16,1.46,1.0460606060606044
2009-06-17,1.18,1.044545454545453
2009-06-18,1.11,1.0430303030303014
2009-06-19,1.04,1.04
2009-06-20,1.04,1.0399999999999985
2009-06-21,1.08,1.024166666666666
2009-06-22,1.0,1.0
2009-06-23,0.961,0.961
2009-06-24,0.951,0.951
2009-06-25,0.947,0.947
2009-06-26,0.945,0.9449999999999985
2009-06-27,0.953,0.9288333333333423
2009-06-28,0.951,0.9126666666666754
2009-06-29,0.922,0.8965000000000085
2009-06-30,0.888,0.8803333333333416
2009-07-01,0.867,0.8641666666666747
2009-07-02,0.848,0.848
2009-07-03,0.896,0.8697142857142772
2009-07-04,0.883,0.883
2009-07-05,0.87,0.87
2009-07-06,0.967,0.9348571428571333
2009-07-07,1.19,0.9565714285714186
2009-07-08,1.04,0.9782857142857075
2009-07-09,1.0,0.9999999999999929
2009-07-10,1.01,0.9949411764705856
2009-07-11,0.978,0.978
2009-07-12,1.03,0.984823529411762
2009-07-13,0.941,0.941
2009-07-14,0.955,0.955
2009-07-15,0.956,0.956
2009-07-16,0.972,0.9645882352941149
2009-07-17,1.73,0.9595294117647031
2009-07-18,1.41,0.9544705882352913
2009-07-19,1.17,0.9494117647058795
2009-07-20,1.06,0.9443529411764677
2009-07-21,1.05,0.939294117647056
2009-07-22,1.04,0.9342352941176442
2009-07-23,0.98,0.9291764705882324
2009-07-24,0.952,0.9241176470588206
2009-07-25,0.931,0.9190588235294088
2009-07-26,0.914,0.913999999999997
2009-07-27,0.987,0.9132222222222226
2009-07-28,0.956,0.9124444444444448
2009-07-29,0.927,0.9116666666666671
2009-07-30,1.12,0.9108888888888893
2009-07-31,1.05,0.9101111111111115
2009-08-01,0.982,0.9093333333333338
2009-08-02,0.963,0.908555555555556
2009-08-03,0.912,0.9077777777777782
2009-08-04,0.897,0.897
2009-08-05,0.895,0.895
2009-08-06,0.885,0.885
2009-08-07,0.907,0.9046666666666671
2009-08-08,0.898,0.898
2009-08-09,0.88,0.88
2009-08-10,0.879,0.879
2009-08-11,0.875,0.875
2009-08-12,0.868,0.868
2009-08-13,0.86,0.86
2009-08-14,0.853,0.853
2009-08-15,0.849,0.849
2009-08-16,0.836,0.836
2009-08-17,0.836,0.836
2009-08-18,0.835,0.835
2009-08-19,0.831,0.831
2009-08-20,0.831,0.831
2009-08-21,0.825,0.825
2009-08-22,0.826,0.826
2009-08-23,0.845,0.845
2009-08-24,0.834,0.834
2009-08-25,0.83,0.83
2009-08-26,0.832,0.832
2009-08-27,0.833,0.833
2009-08-28,0.845,0.845
2009-08-29,0.861,0.861
2009-08-30,0.847,0.847
2009-08-31,0.848,0.848
2009-09-01,0.857,0.857
2009-09-02,0.935,0.8844444444444448
2009-09-03,1.07,0.883666666666667
2009-09-04,0.984,0.8828888888888893
2009-09-05,0.953,0.8821111111111115
2009-09-06,0.923,0.8813333333333337
2009-09-07,0.914,0.880555555555556
2009-09-08,0.91,0.8797777777777782
2009-09-09,0.894,0.8790000000000003
2009-09-10,0.9,0.8782222222222226
2009-09-11,0.91,0.8774444444444448
2009-09-12,0.908,0.876666666666667
2009-09-13,0.895,0.8758888888888893
2009-09-14,0.893,0.8751111111111115
2009-09-15,0.889,0.8743333333333337
2009-09-16,0.889,0.873555555555556
2009-09-17,0.873,0.8727777777777782
2009-09-18,0.872,0.872
2009-09-19,0.88,0.8662222222222127
2009-09-20,0.864,0.8604444444444352
2009-09-21,0.85,0.85
2009-09-22,0.828,0.828
2009-09-23,0.828,0.828
2009-09-24,0.828,0.828
2009-09-25,0.826,0.826
2009-09-26,0.825,0.825
2009-09-27,0.82,0.8199999999999905
2009-09-28,0.823,0.823
2009-09-29,0.809,0.809
2009-09-30,0.818,0.818
2009-10-01,0.806,0.806
2009-10-02,0.796,0.796
2009-10-03,0.765,0.765
2009-10-04,0.76,0.76
2009-10-05,0.786,0.786
2009-10-06,0.817,0.817
2009-10-07,0.879,0.8639999999999999
2009-10-08,0.818,0.818
2009-10-09,0.857,0.857
2009-10-10,0.917,0.8771999999999993
2009-10-11,0.861,0.861
2009-10-12,0.854,0.854
2009-10-13,0.856,0.856
2009-10-14,0.867,0.867
2009-10-15,0.859,0.859
2009-10-16,0.854,0.854
2009-10-17,0.843,0.843
2009-10-18,0.843,0.843
2009-10-19,0.847,0.847
2009-10-20,0.849,0.849
2009-10-21,1.07,0.9255999999999993
2009-10-22,1.25,0.9299999999999997
2009-10-23,0.98,0.9343999999999992
2009-10-24,0.951,0.9387999999999996
2009-10-25,0.932,0.932
2009-10-26,0.896,0.896
2009-10-27,0.895,0.895
2009-10-28,0.89,0.89
2009-10-29,0.874,0.874
2009-10-30,0.87,0.87
2009-10-31,0.911,0.911
2009-11-01,1.16,0.9739999999999993
2009-11-02,1.07,0.9783999999999997
2009-11-03,1.15,0.9827999999999992
2009-11-04,1.16,0.9871999999999996
2009-11-05,1.03,0.9915999999999991
2009-11-06,0.996,0.9959999999999996
2009-11-07,1.04,1.0100888888888893
2009-11-08,0.968,0.968
2009-11-09,0.927,0.927
2009-11-10,0.922,0.922
2009-11-11,0.947,0.947
2009-11-12,1.01,1.01
2009-11-13,1.34,1.094622222222224
2009-11-14,1.37,1.1087111111111128
2009-11-15,1.3,1.1228000000000016
2009-11-16,1.33,1.1368888888888904
2009-11-17,1.24,1.1509777777777792
2009-11-18,1.07,1.07
2009-11-19,1.0,1.0
2009-11-20,0.974,0.974
2009-11-21,0.969,0.969
2009-11-22,1.08,1.08
2009-11-23,1.1,1.1
2009-11-24,1.1,1.1
2009-11-25,1.21,1.21
2009-11-26,1.11,1.11
2009-11-27,1.03,1.03
2009-11-28,1.11,1.11
2009-11-29,2.17,1.320044444444445
2009-11-30,2.51,1.3341333333333338
2009-12-01,1.69,1.3482222222222227
2009-12-02,1.5,1.3623111111111115
2009-12-03,1.64,1.3764000000000003
2009-12-04,2.69,1.390488888888889
2009-12-05,2.27,1.404577777777778
2009-12-06,2.18,1.4186666666666685
2009-12-07,1.86,1.4327555555555573
2009-12-08,1.64,1.4468444444444462
2009-12-09,1.51,1.460933333333335
2009-12-10,1.4,1.4
2009-12-11,1.31,1.31
2009-12-12,1.28,1.28
2009-12-13,1.46,1.46
2009-12-14,1.53,1.53
2009-12-15,1.43,1.43
2009-12-16,1.51,1.51
2009-12-17,1.82,1.5736444444444455
2009-12-18,2.03,1.5877333333333343
2009-12-19,1.86,1.6018222222222231
2009-12-20,1.76,1.615911111111112
2009-12-21,1.63,1.63
2009-12-22,1.73,1.6599999999999895
2009-12-23,1.71,1.6899999999999906
2009-12-24,1.87,1.7199999999999918
2009-12-25,2.89,1.749999999999993
2009-12-26,3.1,1.779999999999994
2009-12-27,2.64,1.8099999999999952
2009-12-28,2.11,1.8399999999999892
2009-12-29,1.87,1.8699999999999903
2009-12-30,2.64,1.8647727272727206
2009-12-31,2.22,1.8595454545454482
2010-01-01,1.87,1.8543181818181758
2010-01-02,1.65,1.65
2010-01-03,1.5,1.5
2010-01-04,1.46,1.46
2010-01-05,1.41,1.41
2010-01-06,1.34,1.34
2010-01-07,1.32,1.32
2010-01-08,1.27,1.27
2010-01-09,1.27,1.27
2010-01-10,1.46,1.46
2010-01-11,1.77,1.77
2010-01-12,1.83,1.7968181818181757
2010-01-13,1.82,1.7915909090909024
2010-01-14,2.12,1.78636363636363
2010-01-15,2.94,1.7811363636363575
2010-01-16,3.31,1.7759090909090842
2010-01-17,3.14,1.7706818181818118
2010-01-18,2.26,1.7654545454545394
2010-01-19,1.94,1.760227272727266
2010-01-20,1.77,1.7549999999999937
2010-01-21,1.62,1.62
2010-01-22,1.68,1.68
2010-01-23,2.39,1.7393181818181755
2010-01-24,2.03,1.7340909090909022
2010-01-25,1.88,1.7288636363636298
2010-01-26,1.69,1.69
2010-01-27,1.7,1.7
2010-01-28,1.83,1.7131818181818117
2010-01-29,2.66,1.7079545454545393
2010-01-30,2.36,1.702727272727266
2010-01-31,1.99,1.6974999999999936
2010-02-01,1.75,1.6922727272727212
2010-02-02,2.07,1.6870454545454479
2010-02-03,2.14,1.6818181818181754
2010-02-04,2.15,1.676590909090903
2010-02-05,2.17,1.6713636363636297
2010-02-06,1.99,1.6661363636363573
2010-02-07,1.84,1.660909090909084
2010-02-08,1.89,1.6556818181818116
2010-02-09,1.83,1.6504545454545392
2010-02-10,1.71,1.6452272727272659
2010-02-11,1.64,1.6399999999999935
2010-02-12,1.66,1.66
2010-02-13,1.57,1.57
2010-02-14,1.54,1.54
2010-02-15,1.52,1.52
2010-02-16,1.58,1.58
2010-02-17,1.71,1.71
2010-02-18,1.91,1.8383333333333205
2010-02-19,3.47,1.8666666666666565
2010-02-20,2.5,1.8949999999999925
2010-02-21,2.24,1.9233333333333213
2010-02-22,2.11,1.9516666666666573
2010-02-23,1.98,1.9799999999999933
2010-02-24,2.01,1.9651063829787212
2010-02-25,1.98,1.950212765957442
2010-02-26,2.15,1.9353191489361663
2010-02-27,2.79,1.9204255319148906
2010-02-28,5.27,1.905531914893615
2010-03-01,5.23,1.8906382978723357
2010-03-02,3.04,1.87574468085106
2010-03-03,2.39,1.8608510638297844
2010-03-04,2.14,1.8459574468085087
2010-03-05,1.99,1.8310638297872295
2010-03-06,1.84,1.8161702127659538
2010-03-07,1.72,1.72
2010-03-08,1.66,1.66
2010-03-09,1.58,1.58
2010-03-10,1.55,1.55
2010-03-11,1.52,1.52
2010-03-12,1.51,1.51
2010-03-13,1.46,1.46
2010-03-14,1.43,1.43
2010-03-15,1.41,1.41
2010-03-16,1.38,1.38
2010-03-17,1.38,1.38
2010-03-18,1.37,1.37
2010-03-19,1.41,1.41
2010-03-20,1.51,1.51
2010-03-21,1.44,1.44
2010-03-22,1.37,1.37
2010-03-23,1.34,1.34
2010-03-24,1.35,1.35
2010-03-25,1.4,1.4
2010-03-26,1.37,1.37
2010-03-27,1.31,1.31
2010-03-28,1.28,1.28
2010-03-29,1.54,1.473617021276592
2010-03-30,2.12,1.4587234042553163
2010-03-31,2.09,1.4438297872340407
2010-04-01,1.95,1.4289361702127614
2010-04-02,2.05,1.4140425531914858
2010-04-03,1.87,1.39914893617021
2010-04-04,1.66,1.3842553191489344
2010-04-05,1.55,1.3693617021276552
2010-04-06,1.47,1.3544680851063795
2010-04-07,1.43,1.3395744680851038
2010-04-08,1.35,1.3246808510638246
2010-04-09,1.33,1.309787234042549
2010-04-10,1.31,1.2948936170212733
2010-04-11,1.28,1.2799999999999976
2010-04-12,1.31,1.2744459459459474
2010-04-13,1.26,1.26
2010-04-14,1.23,1.23
2010-04-15,1.2,1.2
2010-04-16,1.19,1.19
2010-04-17,1.18,1.18
2010-04-18,1.16,1.16
2010-04-19,1.16,1.16
2010-04-20,1.15,1.15
2010-04-21,1.14,1.14
2010-04-22,1.13,1.13
2010-04-23,1.12,1.12
2010-04-24,1.1,1.1
2010-04-25,1.19,1.19
2010-04-26,1.19,1.19
2010-04-27,1.11,1.11
2010-04-28,1.13,1.13
2010-04-29,1.14,1.14
2010-04-30,1.19,1.174472972972974
2010-05-01,1.22,1.1689189189189202
2010-05-02,1.21,1.1633648648648656
2010-05-03,1.13,1.13
2010-05-04,1.11,1.11
2010-05-05,1.1,1.1
2010-05-06,1.09,1.09
2010-05-07,1.11,1.11
2010-05-08,1.24,1.1300405405405414
2010-05-09,1.2,1.1244864864864876
2010-05-10,1.13,1.118932432432433
2010-05-11,1.11,1.11
2010-05-12,1.09,1.09
2010-05-13,1.08,1.08
2010-05-14,1.06,1.06
2010-05-15,1.05,1.05
2010-05-16,1.03,1.03
2010-05-17,1.01,1.01
2010-05-18,1.01,1.01
2010-05-19,1.0,1.0
2010-05-20,0.993,0.993
2010-05-21,0.981,0.981
2010-05-22,0.979,0.979
2010-05-23,0.967,0.967
2010-05-24,0.964,0.964
2010-05-25,0.942,0.942
2010-05-26,0.954,0.954
2010-05-27,0.959,0.959
2010-05-28,0.93,0.93
2010-05-29,0.992,0.992
2010-05-30,1.01,1.007851351351352
2010-05-31,0.99,0.99
2010-06-01,0.99,0.99
2010-06-02,0.959,0.959
2010-06-03,0.924,0.924
2010-06-04,0.894,0.894
2010-06-05,0.921,0.921
2010-06-06,1.18,0.9689729729729741
2010-06-07,1.08,0.9634189189189195
2010-06-08,2.37,0.9578648648648658
2010-06-09,1.65,0.952310810810812
2010-06-10,1.27,0.9467567567567574
2010-06-11,1.19,0.9412027027027037
2010-06-12,1.09,0.9356486486486499
2010-06-13,1.2,0.9300945945945953
2010-06-14,1.31,0.9245405405405416
2010-06-15,1.1,0.9189864864864878
2010-06-16,1.01,0.9134324324324332
2010-06-17,0.994,0.9078783783783795
2010-06-18,0.986,0.9023243243243249
2010-06-19,0.976,0.8967702702702711
2010-06-20,0.954,0.8912162162162174
2010-06-21,0.927,0.8856621621621628
2010-06-22,0.9,0.880108108108109
2010-06-23,0.894,0.8745540540540553
2010-06-24,0.869,0.869
2010-06-25,0.891,0.8584545454545456
2010-06-26,0.858,0.8479090909090914
2010-06-27,0.826,0.826
2010-06-28,0.818,0.818
2010-06-29,0.828,0.816272727272727
2010-06-30,0.826,0.8057272727272728
2010-07-01,0.818,0.7951818181818187
2010-07-02,0.796,0.7846363636363645
2010-07-03,0.795,0.7740909090909103
2010-07-04,0.772,0.7635454545454543
2010-07-05,0.753,0.753
2010-07-06,0.758,0.7543600000000021
2010-07-07,0.75,0.75
2010-07-08,0.784,0.7570800000000022
2010-07-09,0.758,0.758
2010-07-10,0.73,0.73
2010-07-11,0.723,0.723
2010-07-12,1.13,0.7625200000000021
2010-07-13,1.04,0.7638800000000021
2010-07-14,0.928,0.7652400000000021
2010-07-15,0.885,0.7666000000000022
2010-07-16,0.852,0.7679600000000022
2010-07-17,0.815,0.7693200000000022
2010-07-18,0.808,0.770680000000002
2010-07-19,0.799,0.7720400000000021
2010-07-20,0.775,0.7734000000000021
2010-07-21,0.746,0.746
2010-07-22,0.762,0.762
2010-07-23,0.782,0.7774800000000022
2010-07-24,0.777,0.777
2010-07-25,0.757,0.757
2010-07-26,0.752,0.752
2010-07-27,0.787,0.7829200000000021
2010-07-28,0.808,0.7842800000000021
2010-07-29,0.794,0.7856400000000021
2010-07-30,0.787,0.787
2010-07-31,0.831,0.7975000000000012
2010-08-01,0.812,0.8080000000000016
2010-08-02,0.806,0.806
2010-08-03,0.804,0.804
2010-08-04,0.822,0.822
2010-08-05,0.804,0.804
2010-08-06,0.771,0.771
2010-08-07,0.821,0.821
2010-08-08,0.826,0.826
2010-08-09,0.786,0.786
2010-08-10,0.81,0.81
2010-08-11,0.775,0.775
2010-08-12,0.759,0.759
2010-08-13,0.928,0.928
2010-08-14,1.02,0.9445000000000014
2010-08-15,0.885,0.885
2010-08-16,0.849,0.849
2010-08-17,0.847,0.847
2010-08-18,0.84,0.84
2010-08-19,0.815,0.815
2010-08-20,0.8,0.8
2010-08-21,0.785,0.785
2010-08-22,0.847,0.847
2010-08-23,1.35,1.0390000000000015
2010-08-24,1.25,1.0495000000000019
2010-08-25,1.06,1.06
2010-08-26,1.89,1.0409999999999826
2010-08-27,1.81,1.0219999999999807
2010-08-28,1.32,1.0029999999999824
2010-08-29,1.13,0.9839999999999804
2010-08-30,1.06,0.9649999999999821
2010-08-31,1.0,0.9459999999999802
2010-09-01,0.938,0.9269999999999818
2010-09-02,0.908,0.9079999999999799
2010-09-03,0.914,0.914
2010-09-04,0.906,0.906
2010-09-05,0.888,0.888
2010-09-06,0.895,0.895
2010-09-07,1.17,0.9587142857142705
2010-09-08,1.06,0.9688571428571287
2010-09-09,0.979,0.978999999999985
2010-09-10,1.04,0.9900500000000019
2010-09-11,1.01,1.001100000000001
2010-09-12,0.948,0.948
2010-09-13,0.934,0.934
2010-09-14,0.955,0.955
2010-09-15,0.946,0.946
2010-09-16,0.933,0.933
2010-09-17,0.908,0.908
2010-09-18,0.893,0.893
2010-09-19,0.874,0.874
2010-09-20,0.856,0.856
2010-09-21,0.848,0.848
2010-09-22,0.825,0.825
2010-09-23,0.824,0.824
2010-09-24,0.926,0.926
2010-09-25,0.954,0.954
2010-09-26,1.16,1.16
2010-09-27,1.44,1.177900000000001
2010-09-28,1.25,1.188950000000002
2010-09-29,1.2,1.2
2010-09-30,1.62,1.2433333333333536
2010-10-01,1.39,1.2866666666666902
2010-10-02,1.4,1.3300000000000196
2010-10-03,1.83,1.3733333333333562
2010-10-04,1.69,1.4166666666666856
2010-10-05,1.46,1.46
2010-10-06,1.49,1.46619047619048
2010-10-07,1.36,1.36
2010-10-08,1.25,1.25
2010-10-09,1.16,1.16
2010-10-10,1.09,1.09
2010-10-11,1.06,1.06
2010-10-12,1.03,1.03
2010-10-13,1.01,1.01
2010-10-14,1.0,1.0
2010-10-15,1.01,1.01
2010-10-16,1.01,1.01
2010-10-17,0.967,0.967
2010-10-18,0.978,0.978
2010-10-19,1.13,1.13
2010-10-20,1.81,1.5528571428571478
2010-10-21,1.66,1.5590476190476235
2010-10-22,1.38,1.38
2010-10-23,1.69,1.5714285714285765
2010-10-24,1.77,1.5776190476190521
2010-10-25,1.62,1.5838095238095278
2010-10-26,1.59,1.59
2010-10-27,1.67,1.5314285714285631
2010-10-28,1.49,1.472857142857137
2010-10-29,1.39,1.39
2010-10-30,1.31,1.31
2010-10-31,1.23,1.23
2010-11-01,1.2,1.2
2010-11-02,1.18,1.1799999999999926
2010-11-03,1.19,1.19
2010-11-04,1.14,1.14
2010-11-05,1.16,1.16
2010-11-06,1.41,1.2296000000000014
2010-11-07,1.57,1.2420000000000009
2010-11-08,1.72,1.2544000000000004
2010-11-09,2.7,1.2668
2010-11-10,2.33,1.2791999999999994
2010-11-11,2.59,1.291599999999999
2010-11-12,2.45,1.304000000000002
2010-11-13,1.85,1.3164000000000016
2010-11-14,1.62,1.328800000000001
2010-11-15,1.44,1.3412000000000006
2010-11-16,1.34,1.34
2010-11-17,1.33,1.33
2010-11-18,1.31,1.31
2010-11-19,1.25,1.25
2010-11-20,1.22,1.22
2010-11-21,1.22,1.22
2010-11-22,1.22,1.22
2010-11-23,1.53,1.4404000000000003
2010-11-24,2.37,1.4527999999999999
2010-11-25,3.43,1.4651999999999994
2010-11-26,3.03,1.477599999999999
2010-11-27,2.68,1.490000000000002
2010-11-28,2.36,1.5024000000000015
2010-11-29,2.18,1.514800000000001
2010-11-30,2.14,1.5272000000000006
2010-12-01,1.9,1.5396
2010-12-02,1.73,1.5519999999999996
2010-12-03,1.62,1.5643999999999991
2010-12-04,1.69,1.5767999999999986
2010-12-05,1.94,1.5892000000000017
2010-12-06,1.92,1.6016000000000012
2010-12-07,1.7,1.6140000000000008
2010-12-08,1.57,1.57
2010-12-09,1.51,1.51
2010-12-10,1.67,1.6511999999999993
2010-12-11,1.97,1.6635999999999989
2010-12-12,1.82,1.676000000000002
2010-12-13,1.71,1.6884000000000015
2010-12-14,1.61,1.61
2010-12-15,1.56,1.56
2010-12-16,2.13,1.7256
2010-12-17,2.13,1.7379999999999995
2010-12-18,1.78,1.750399999999999
2010-12-19,1.61,1.61
2010-12-20,1.48,1.48
2010-12-21,1.42,1.42
2010-12-22,1.39,1.39
2010-12-23,1.37,1.37
2010-12-24,1.37,1.37
2010-12-25,1.36,1.36
2010-12-26,1.3,1.3
2010-12-27,1.29,1.29
2010-12-28,1.47,1.47
2010-12-29,1.77,1.77
2010-12-30,1.78,1.78
2010-12-31,1.7,1.7
2011-01-01,1.62,1.62
2011-01-02,1.55,1.55
2011-01-03,1.52,1.52
2011-01-04,1.49,1.49
2011-01-05,1.44,1.44
2011-01-06,1.42,1.42
2011-01-07,1.68,1.68
2011-01-08,1.92,1.92
2011-01-09,1.69,1.69
2011-01-10,1.56,1.56
2011-01-11,2.24,2.048000000000002
2011-01-12,2.9,2.0604000000000013
2011-01-13,3.72,2.072800000000001
2011-01-14,3.31,2.0852000000000004
2011-01-15,2.51,2.0976
2011-01-16,2.11,2.1099999999999994
2011-01-17,2.27,2.0474999999999994
2011-01-18,2.18,1.9849999999999994
2011-01-19,1.91,1.91
2011-01-20,1.8,1.8
2011-01-21,1.72,1.72
2011-01-22,1.72,1.72
2011-01-23,1.67,1.67
2011-01-24,1.61,1.6099999999999994
2011-01-25,1.64,1.6035714285714295
2011-01-26,1.62,1.5971428571428579
2011-01-27,1.53,1.53
2011-01-28,1.47,1.47
2011-01-29,1.46,1.46
2011-01-30,1.44,1.44
2011-01-31,1.4,1.4
2011-02-01,1.4,1.4
2011-02-02,1.38,1.38
2011-02-03,1.35,1.35
2011-02-04,1.34,1.34
2011-02-05,1.33,1.33
2011-02-06,1.3,1.3
2011-02-07,1.27,1.27
2011-02-08,1.23,1.23
2011-02-09,1.23,1.23
2011-02-10,1.3,1.3
2011-02-11,1.34,1.34
2011-02-12,1.43,1.43
2011-02-13,1.42,1.42
2011-02-14,1.42,1.42
2011-02-15,1.39,1.39
2011-02-16,1.38,1.38
2011-02-17,1.32,1.32
2011-02-18,1.27,1.27
2011-02-19,1.31,1.31
2011-02-20,1.33,1.33
2011-02-21,1.31,1.31
2011-02-22,1.28,1.28
2011-02-23,1.56,1.4171428571428581
2011-02-24,1.75,1.4107142857142865
2011-02-25,1.77,1.4042857142857148
2011-02-26,3.67,1.3978571428571431
2011-02-27,2.55,1.3914285714285732
2011-02-28,1.96,1.3850000000000016
2011-03-01,1.75,1.37857142857143
2011-03-02,1.64,1.3721428571428582
2011-03-03,1.55,1.3657142857142865
2011-03-04,1.47,1.3592857142857149
2011-03-05,1.43,1.3528571428571432
2011-03-06,1.38,1.3464285714285733
2011-03-07,1.34,1.34
2011-03-08,1.35,1.3343478260869563
2011-03-09,1.33,1.3286956521739146
2011-03-10,1.28,1.28
2011-03-11,1.25,1.25
2011-03-12,1.27,1.27
2011-03-13,1.29,1.29
2011-03-14,1.26,1.26
2011-03-15,1.26,1.26
2011-03-16,1.26,1.26
2011-03-17,1.23,1.23
2011-03-18,1.21,1.21
2011-03-19,1.17,1.17
2011-03-20,1.17,1.17
2011-03-21,1.17,1.17
2011-03-22,1.16,1.16
2011-03-23,1.14,1.14
2011-03-24,1.13,1.13
2011-03-25,1.14,1.14
2011-03-26,1.5,1.232608695652175
2011-03-27,1.4,1.2269565217391314
2011-03-28,1.29,1.2213043478260879
2011-03-29,1.24,1.2156521739130444
2011-03-30,1.21,1.21
2011-03-31,1.24,1.201999999999991
2011-04-01,1.22,1.193999999999992
2011-04-02,1.2,1.1859999999999928
2011-04-03,1.18,1.177999999999992
2011-04-04,1.17,1.169999999999991
2011-04-05,1.18,1.1590952380952437
2011-04-06,1.16,1.1481904761904822
2011-04-07,1.14,1.1372857142857207
2011-04-08,1.12,1.12
2011-04-09,1.11,1.11
2011-04-10,1.1,1.1
2011-04-11,1.1,1.093666666666671
2011-04-12,1.07,1.07
2011-04-13,1.04,1.04
2011-04-14,1.04,1.04
2011-04-15,1.04,1.04
2011-04-16,1.04,1.0391428571428634
2011-04-17,1.02,1.02
2011-04-18,1.02,1.0173333333333368
2011-04-19,1.01,1.0064285714285752
2011-04-20,1.0,0.9955238095238137
2011-04-21,0.992,0.9846190476190522
2011-04-22,0.98,0.9737142857142906
2011-04-23,0.971,0.9628095238095291
2011-04-24,0.959,0.9519047619047676
2011-04-25,0.941,0.941
2011-04-26,0.98,0.9357777777777851
2011-04-27,0.952,0.9305555555555625
2011-04-28,0.953,0.9253333333333398
2011-04-29,0.948,0.9201111111111171
2011-04-30,0.936,0.9148888888888962
2011-05-01,0.914,0.9096666666666735
2011-05-02,0.901,0.901
2011-05-03,0.895,0.895
2011-05-04,0.894,0.894
2011-05-05,0.895,0.8862758620689668
2011-05-06,0.892,0.8785517241379317
2011-05-07,0.885,0.8708275862068984
2011-05-08,0.854,0.854
2011-05-09,0.842,0.842
2011-05-10,0.831,0.831
2011-05-11,0.852,0.8399310344827597
2011-05-12,0.86,0.8322068965517246
2011-05-13,0.844,0.8244827586206913
2011-05-14,0.863,0.8167586206896562
2011-05-15,0.842,0.8090344827586211
2011-05-16,0.838,0.8013103448275878
2011-05-17,0.841,0.7935862068965527
2011-05-18,0.841,0.7858620689655176
2011-05-19,0.836,0.7781379310344843
2011-05-20,0.828,0.7704137931034492
2011-05-21,0.804,0.762689655172414
2011-05-22,0.798,0.7549655172413807
2011-05-23,0.844,0.7472413793103456
2011-05-24,0.861,0.7395172413793123
2011-05-25,0.788,0.7317931034482772
2011-05-26,0.806,0.7240689655172421
2011-05-27,0.774,0.7163448275862088
2011-05-28,0.752,0.7086206896551737
2011-05-29,0.748,0.7008965517241386
2011-05-30,0.739,0.6931724137931052
2011-05-31,0.736,0.6854482758620701
2011-06-01,0.698,0.677724137931035
2011-06-02,0.67,0.67
2011-06-03,0.671,0.671
2011-06-04,0.669,0.669
2011-06-05,0.673,0.673
2011-06-06,0.694,0.678195121951219
2011-06-07,0.686,0.6802439024390239
2011-06-08,0.662,0.662
2011-06-09,0.684,0.684
2011-06-10,0.704,0.6863902439024385
2011-06-11,0.724,0.6884390243902434
2011-06-12,0.734,0.6904878048780483
2011-06-13,0.764,0.6925365853658532
2011-06-14,0.701,0.694585365853658
2011-06-15,0.675,0.675
2011-06-16,0.692,0.692
2011-06-17,0.775,0.7007317073170727
2011-06-18,0.974,0.7027804878048771
2011-06-19,0.913,0.704829268292682
2011-06-20,0.817,0.7068780487804869
2011-06-21,0.783,0.7089268292682918
2011-06-22,0.805,0.7109756097560966
2011-06-23,0.851,0.7130243902439015
2011-06-24,0.812,0.7150731707317064
2011-06-25,0.903,0.7171219512195113
2011-06-26,0.817,0.7191707317073162
2011-06-27,0.761,0.721219512195121
2011-06-28,0.861,0.7232682926829259
2011-06-29,0.868,0.7253170731707308
2011-06-30,0.778,0.7273658536585357
2011-07-01,0.749,0.7294146341463406
2011-07-02,0.736,0.7314634146341454
2011-07-03,0.731,0.731
2011-07-04,0.719,0.719
2011-07-05,0.721,0.721
2011-07-06,0.777,0.739658536585365
2011-07-07,0.761,0.7417073170731698
2011-07-08,0.753,0.7437560975609747
2011-07-09,0.822,0.7458048780487796
2011-07-10,0.87,0.7478536585365845
2011-07-11,0.79,0.7499024390243894
2011-07-12,0.761,0.7519512195121942
2011-07-13,0.754,0.7539999999999991
2011-07-14,0.788,0.7559000000000022
2011-07-15,0.762,0.7578000000000022
2011-07-16,0.961,0.7597000000000023
2011-07-17,0.989,0.7616000000000023
2011-07-18,1.03,0.7635000000000023
2011-07-19,0.975,0.7654000000000023
2011-07-20,0.939,0.7673000000000023
2011-07-21,0.882,0.7692000000000023
2011-07-22,0.847,0.7711000000000023
2011-07-23,0.824,0.7730000000000024
2011-07-24,0.804,0.7749000000000024
2011-07-25,0.793,0.7768000000000024
2011-07-26,0.797,0.7787000000000024
2011-07-27,0.814,0.7806000000000024
2011-07-28,0.791,0.7825000000000024
2011-07-29,0.762,0.762
2011-07-30,0.759,0.759
2011-07-31,0.748,0.748
2011-08-01,0.726,0.726
2011-08-02,0.715,0.715
2011-08-03,0.731,0.731
2011-08-04,0.864,0.7958000000000021
2011-08-05,0.896,0.7977000000000021
2011-08-06,0.832,0.7996000000000021
2011-08-07,0.795,0.795
2011-08-08,0.839,0.8034000000000021
2011-08-09,0.901,0.8053000000000021
2011-08-10,0.821,0.8072000000000021
2011-08-11,0.812,0.8091000000000022
2011-08-12,0.811,0.811
2011-08-13,0.827,0.809800000000001
2011-08-14,0.804,0.804
2011-08-15,0.765,0.765
2011-08-16,0.75,0.75
2011-08-17,0.745,0.745
2011-08-18,0.761,0.761
2011-08-19,0.775,0.775
2011-08-20,0.749,0.749
2011-08-21,0.754,0.754
2011-08-22,0.736,0.736
2011-08-23,0.768,0.768
2011-08-24,0.802,0.7966000000000011
2011-08-25,0.811,0.7954000000000008
2011-08-26,1.02,0.7942000000000009
2011-08-27,1.32,0.793000000000001
2011-08-28,1.18,0.7918000000000007
2011-08-29,0.963,0.7906000000000009
2011-08-30,0.899,0.789400000000001
2011-08-31,0.879,0.7882000000000011
2011-09-01,0.864,0.7870000000000008
2011-09-02,0.841,0.7858000000000009
2011-09-03,0.818,0.7846000000000011
2011-09-04,0.876,0.7834000000000008
2011-09-05,0.887,0.7822000000000009
2011-09-06,0.844,0.781000000000001
2011-09-07,0.831,0.7798000000000007
2011-09-08,0.819,0.7786000000000008
2011-09-09,0.822,0.777400000000001
2011-09-10,0.82,0.7762000000000011
2011-09-11,0.802,0.7750000000000008
2011-09-12,0.788,0.7738000000000009
2011-09-13,0.759,0.759
2011-09-14,0.756,0.756
2011-09-15,0.76,0.76
2011-09-16,0.782,0.769000000000001
2011-09-17,0.787,0.7678000000000007
2011-09-18,0.786,0.7666000000000008
2011-09-19,0.773,0.765400000000001
2011-09-20,0.775,0.7642000000000011
2011-09-21,0.863,0.7630000000000008
2011-09-22,0.8,0.7618000000000009
2011-09-23,0.785,0.760600000000001
2011-09-24,0.78,0.7594000000000007
2011-09-25,0.769,0.7582000000000009
2011-09-26,0.757,0.757
2011-09-27,0.761,0.7577857142857118
2011-09-28,0.712,0.712
2011-09-29,0.703,0.703
2011-09-30,0.679,0.679
2011-10-01,0.67,0.67
2011-10-02,0.669,0.669
2011-10-03,0.667,0.667
2011-10-04,0.657,0.657
2011-10-05,0.666,0.666
2011-10-06,0.675,0.675
2011-10-07,0.673,0.673
2011-10-08,0.734,0.734
2011-10-09,0.947,0.7672142857142832
2011-10-10,0.85,0.7679999999999976
2011-10-11,0.792,0.7687857142857117
2011-10-12,0.916,0.7695714285714261
2011-10-13,0.939,0.7703571428571403
2011-10-14,0.849,0.7711428571428547
2011-10-15,0.795,0.7719285714285691
2011-10-16,0.768,0.768
2011-10-17,0.761,0.761
2011-10-18,0.758,0.758
2011-10-19,0.747,0.747
2011-10-20,0.745,0.745
2011-10-21,0.738,0.738
2011-10-22,0.737,0.737
2011-10-23,0.739,0.739
2011-10-24,0.749,0.749
2011-10-25,0.755,0.755
2011-10-26,0.75,0.75
2011-10-27,0.748,0.748
2011-10-28,0.745,0.745
2011-10-29,0.734,0.734
2011-10-30,0.731,0.731
2011-10-31,0.733,0.733
2011-11-01,0.731,0.731
2011-11-02,0.726,0.726
2011-11-03,0.746,0.746
2011-11-04,0.922,0.7876428571428546
2011-11-05,0.858,0.788428571428569
2011-11-06,0.799,0.7892142857142832
2011-11-07,0.79,0.7899999999999976
2011-11-08,0.798,0.7882000000000011
2011-11-09,0.786,0.786
2011-11-10,0.783,0.783
2011-11-11,0.764,0.764
2011-11-12,0.764,0.764
2011-11-13,0.764,0.764
2011-11-14,0.764,0.764
2011-11-15,0.764,0.764
2011-11-16,0.76,0.76
2011-11-17,0.761,0.761
2011-11-18,0.75,0.75
2011-11-19,0.744,0.744
2011-11-20,0.747,0.747
2011-11-21,0.752,0.752
2011-11-22,0.76,0.76
2011-11-23,0.755,0.755
2011-11-24,0.762,0.7594000000000012
2011-11-25,0.768,0.7576000000000014
2011-11-26,0.769,0.7558000000000011
2011-11-27,0.765,0.7540000000000013
2011-11-28,0.762,0.7522000000000011
2011-11-29,0.758,0.7504000000000013
2011-11-30,0.756,0.7486000000000015
2011-12-01,0.753,0.7468000000000012
2011-12-02,0.745,0.745
2011-12-03,0.764,0.7516129032258103
2011-12-04,0.76,0.7582258064516161
2011-12-05,0.753,0.753
2011-12-06,0.747,0.747
2011-12-07,0.767,0.767
2011-12-08,0.814,0.7846774193548427
2011-12-09,0.879,0.7912903225806485
2011-12-10,0.819,0.7979032258064542
2011-12-11,0.817,0.8045161290322618
2011-12-12,0.847,0.8111290322580675
2011-12-13,0.986,0.8177419354838733
2011-12-14,0.923,0.8243548387096808
2011-12-15,0.889,0.8309677419354866
2011-12-16,1.23,0.8375806451612942
2011-12-17,1.45,0.8441935483870999
2011-12-18,1.54,0.8508064516129057
2011-12-19,1.25,0.8574193548387132
2011-12-20,1.16,0.864032258064519
2011-12-21,1.07,0.8706451612903265
2011-12-22,1.0,0.8772580645161323
2011-12-23,1.06,0.8838709677419381
2011-12-24,1.2,0.8904838709677456
2011-12-25,1.05,0.8970967741935514
2011-12-26,0.984,0.9037096774193571
2011-12-27,0.927,0.9103225806451647
2011-12-28,0.889,0.889
2011-12-29,0.929,0.923548387096778
2011-12-30,0.979,0.9301612903225838
2011-12-31,1.09,0.9367741935483895
2012-01-01,1.01,0.9433870967741971
2012-01-02,0.95,0.95
2012-01-03,1.3,0.9572649572649574
2012-01-04,1.29,0.9645299145299155
2012-01-05,1.24,0.9717948717948719
2012-01-06,1.12,0.97905982905983
2012-01-07,1.02,0.9863247863247864
2012-01-08,0.958,0.958
2012-01-09,0.918,0.918
2012-01-10,0.893,0.893
2012-01-11,0.878,0.878
2012-01-12,0.874,0.874
2012-01-13,0.857,0.857
2012-01-14,0.839,0.839
2012-01-15,0.826,0.826
2012-01-16,0.826,0.826
2012-01-17,0.82,0.82
2012-01-18,0.824,0.824
2012-01-19,0.841,0.841
2012-01-20,0.855,0.855
2012-01-21,0.892,0.892
2012-01-22,0.861,0.861
2012-01-23,0.835,0.835
2012-01-24,0.885,0.885
2012-01-25,0.956,0.956
2012-01-26,0.959,0.959
2012-01-27,0.946,0.946
2012-01-28,0.985,0.985
2012-01-29,0.96,0.96
2012-01-30,0.94,0.94
2012-01-31,0.904,0.904
2012-02-01,0.869,0.869
2012-02-02,0.854,0.854
2012-02-03,0.838,0.838
2012-02-04,0.837,0.837
2012-02-05,0.845,0.845
2012-02-06,0.864,0.864
2012-02-07,0.874,0.874
2012-02-08,0.859,0.859
2012-02-09,0.852,0.852
2012-02-10,0.838,0.838
2012-02-11,0.813,0.813
2012-02-12,0.858,0.858
2012-02-13,0.935,0.935
2012-02-14,0.939,0.939
2012-02-15,0.919,0.919
2012-02-16,0.897,0.897
2012-02-17,0.878,0.878
2012-02-18,0.878,0.878
2012-02-19,0.838,0.838
2012-02-20,0.801,0.801
2012-02-21,0.81,0.81
2012-02-22,0.83,0.83
2012-02-23,0.834,0.834
2012-02-24,0.811,0.811
2012-02-25,0.778,0.778
2012-02-26,0.777,0.777
2012-02-27,0.774,0.774
2012-02-28,0.778,0.778
2012-02-29,0.787,0.787
2012-03-01,0.78,0.78
2012-03-02,0.775,0.775
2012-03-03,0.781,0.781
2012-03-04,1.09,1.09
2012-03-05,2.99,1.407692307692308
2012-03-06,3.54,1.4149572649572661
2012-03-07,2.21,1.4222222222222225
2012-03-08,1.67,1.4294871794871806
2012-03-09,1.39,1.39
2012-03-10,1.25,1.25
2012-03-11,1.14,1.14
2012-03-12,1.08,1.08
2012-03-13,1.04,1.04
2012-03-14,1.01,1.01
2012-03-15,0.987,0.987
2012-03-16,0.965,0.965
2012-03-17,0.98,0.98
2012-03-18,0.988,0.988
2012-03-19,0.944,0.944
2012-03-20,0.905,0.905
2012-03-21,0.9,0.9
2012-03-22,0.889,0.889
2012-03-23,0.882,0.882
2012-03-24,0.863,0.863
2012-03-25,0.848,0.848
2012-03-26,0.842,0.842
2012-03-27,0.829,0.829
2012-03-28,0.82,0.82
2012-03-29,0.816,0.816
2012-03-30,0.813,0.813
2012-03-31,0.803,0.803
2012-04-01,0.791,0.791
2012-04-02,0.797,0.797
2012-04-03,0.876,0.876
2012-04-04,1.12,1.12
2012-04-05,1.03,1.03
2012-04-06,0.964,0.964
2012-04-07,0.941,0.941
2012-04-08,0.905,0.905
2012-04-09,0.988,0.988
2012-04-10,0.999,0.999
2012-04-11,0.949,0.949
2012-04-12,0.965,0.965
2012-04-13,0.979,0.979
2012-04-14,0.921,0.921
2012-04-15,0.88,0.88
2012-04-16,0.851,0.851
2012-04-17,0.941,0.941
2012-04-18,0.966,0.966
2012-04-19,1.1,1.1
2012-04-20,1.16,1.16
2012-04-21,1.12,1.12
2012-04-22,1.13,1.13
2012-04-23,1.09,1.09
2012-04-24,1.37,1.37
2012-04-25,2.26,1.778205128205128
2012-04-26,2.91,1.7854700854700862
2012-04-27,1.85,1.7927350427350426
2012-04-28,1.8,1.8
2012-04-29,3.23,1.780459999999998
2012-04-30,2.26,1.7609199999999987
2012-05-01,2.04,1.7413799999999995
2012-05-02,1.79,1.7218400000000003
2012-05-03,1.91,1.702300000000001
2012-05-04,1.73,1.6827599999999947
2012-05-05,1.49,1.49
2012-05-06,1.34,1.34
2012-05-07,1.27,1.27
2012-05-08,1.29,1.29
2012-05-09,1.34,1.34
2012-05-10,1.6,1.5655199999999994
2012-05-11,1.37,1.37
2012-05-12,1.24,1.24
2012-05-13,1.17,1.17
2012-05-14,1.21,1.21
2012-05-15,1.28,1.28
2012-05-16,1.15,1.15
2012-05-17,1.07,1.07
2012-05-18,1.07,1.07
2012-05-19,1.01,1.01
2012-05-20,1.04,1.04
2012-05-21,0.999,0.999
2012-05-22,0.907,0.907
2012-05-23,0.862,0.862
2012-05-24,0.85,0.85
2012-05-25,0.821,0.821
2012-05-26,0.798,0.798
2012-05-27,0.778,0.778
2012-05-28,0.755,0.755
2012-05-29,0.766,0.766
2012-05-30,0.782,0.782
2012-05-31,0.783,0.783
2012-06-01,0.782,0.782
2012-06-02,0.779,0.779
2012-06-03,0.955,0.955
2012-06-04,1.04,1.04
2012-06-05,0.91,0.91
2012-06-06,1.01,1.01
2012-06-07,1.14,1.0183999999999997
2012-06-08,1.26,0.9988600000000005
2012-06-09,1.05,0.9793200000000013
2012-06-10,0.943,0.943
2012-06-11,0.912,0.912
2012-06-12,0.867,0.867
2012-06-13,0.832,0.832
2012-06-14,0.865,0.865
2012-06-15,0.997,0.8620799999999988
2012-06-16,0.9,0.8425399999999996
2012-06-17,0.823,0.823
2012-06-18,0.868,0.8171666666666706
2012-06-19,0.819,0.8113333333333372
2012-06-20,0.78,0.78
2012-06-21,0.957,0.7996666666666705
2012-06-22,0.886,0.7938333333333372
2012-06-23,0.835,0.7880000000000038
2012-06-24,1.48,0.7821666666666705
2012-06-25,1.19,0.7763333333333371
2012-06-26,1.0,0.7705000000000037
2012-06-27,0.928,0.7646666666666704
2012-06-28,0.889,0.758833333333337
2012-06-29,0.784,0.7530000000000037
2012-06-30,0.736,0.736
2012-07-01,0.705,0.705
2012-07-02,0.717,0.717
2012-07-03,0.746,0.7296666666666702
2012-07-04,0.739,0.7238333333333369
2012-07-05,0.718,0.718
2012-07-06,0.932,0.7171111111111104
2012-07-07,0.86,0.7162222222222216
2012-07-08,0.924,0.7153333333333327
2012-07-09,0.888,0.7144444444444438
2012-07-10,0.963,0.7135555555555548
2012-07-11,0.983,0.7126666666666661
2012-07-12,0.891,0.7117777777777772
2012-07-13,1.16,0.7108888888888882
2012-07-14,1.49,0.7099999999999993
2012-07-15,1.1,0.7091111111111104
2012-07-16,1.03,0.7082222222222216
2012-07-17,1.03,0.7073333333333327
2012-07-18,0.978,0.7064444444444438
2012-07-19,0.976,0.7055555555555548
2012-07-20,0.919,0.7046666666666661
2012-07-21,0.874,0.7037777777777772
2012-07-22,0.823,0.7028888888888882
2012-07-23,0.779,0.7019999999999993
2012-07-24,0.752,0.7011111111111106
2012-07-25,0.733,0.7002222222222216
2012-07-26,0.739,0.6993333333333327
2012-07-27,0.744,0.6984444444444438
2012-07-28,0.738,0.6975555555555548
2012-07-29,0.737,0.6966666666666661
2012-07-30,0.771,0.6957777777777772
2012-07-31,0.8,0.6948888888888882
2012-08-01,0.8,0.6939999999999993
2012-08-02,0.783,0.6931111111111106
2012-08-03,0.789,0.6922222222222216
2012-08-04,0.822,0.6913333333333327
2012-08-05,0.976,0.6904444444444438
2012-08-06,1.19,0.6895555555555548
2012-08-07,1.02,0.6886666666666661
2012-08-08,0.937,0.6877777777777772
2012-08-09,0.867,0.6868888888888882
2012-08-10,0.831,0.6859999999999993
2012-08-11,0.81,0.6851111111111106
2012-08-12,0.791,0.6842222222222216
2012-08-13,0.775,0.6833333333333327
2012-08-14,0.771,0.6824444444444437
2012-08-15,0.752,0.681555555555555
2012-08-16,0.734,0.6806666666666661
2012-08-17,0.71,0.6797777777777771
2012-08-18,0.691,0.6788888888888882
2012-08-19,0.685,0.6779999999999993
2012-08-20,0.695,0.6771111111111106
2012-08-21,0.706,0.6762222222222216
2012-08-22,0.696,0.6753333333333327
2012-08-23,0.691,0.6744444444444437
2012-08-24,0.695,0.673555555555555
2012-08-25,0.754,0.6726666666666661
2012-08-26,0.916,0.6717777777777771
2012-08-27,0.926,0.6708888888888882
2012-08-28,0.828,0.6699999999999995
2012-08-29,0.8,0.6691111111111105
2012-08-30,0.886,0.6682222222222216
2012-08-31,0.889,0.6673333333333327
2012-09-01,0.855,0.6664444444444437
2012-09-02,0.832,0.665555555555555
2012-09-03,0.802,0.6646666666666661
2012-09-04,0.766,0.6637777777777771
2012-09-05,0.763,0.6628888888888882
2012-09-06,0.756,0.6619999999999995
2012-09-07,0.741,0.6611111111111105
2012-09-08,0.701,0.6602222222222216
2012-09-09,0.68,0.6593333333333327
2012-09-10,0.664,0.6584444444444437
2012-09-11,0.66,0.657555555555555
2012-09-12,0.672,0.6566666666666661
2012-09-13,0.708,0.6557777777777771
2012-09-14,0.667,0.6548888888888882
2012-09-15,0.654,0.6539999999999995
2012-09-16,0.663,0.6625999999999976
2012-09-17,0.652,0.652
2012-09-18,0.633,0.633
2012-09-19,0.628,0.628
2012-09-20,0.638,0.638
2012-09-21,0.669,0.669
2012-09-22,0.691,0.691
2012-09-23,0.756,0.7227999999999994
2012-09-24,1.16,0.7313999999999972
2012-09-25,1.23,0.7399999999999984
2012-09-26,1.01,0.7485999999999997
2012-09-27,0.896,0.7571999999999974
2012-09-28,0.855,0.7657999999999987
2012-09-29,0.814,0.7744
2012-09-30,0.783,0.7829999999999977
2012-10-01,0.793,0.787454545454553
2012-10-02,0.784,0.784
2012-10-03,0.796,0.796
2012-10-04,0.798,0.798
2012-10-05,0.948,0.8052727272727349
2012-10-06,1.04,0.8097272727272813
2012-10-07,0.96,0.8141818181818259
2012-10-08,0.907,0.8186363636363723
2012-10-09,0.865,0.8230909090909169
2012-10-10,0.836,0.8275454545454632
2012-10-11,0.832,0.832
2012-10-12,0.842,0.842
2012-10-13,0.827,0.827
2012-10-14,0.95,0.9126538461538587
2012-10-15,1.02,0.9395384615384756
2012-10-16,0.958,0.958
2012-10-17,1.0,0.9933076923077095
2012-10-18,1.04,1.0201923076923194
2012-10-19,1.07,1.0470769230769363
2012-10-20,1.25,1.0739615384615533
2012-10-21,1.46,1.1008461538461702
2012-10-22,1.6,1.12773076923078
2012-10-23,1.41,1.154615384615397
2012-10-24,1.24,1.181500000000014
2012-10-25,1.14,1.14
2012-10-26,1.07,1.07
2012-10-27,1.31,1.2621538461538577
2012-10-28,1.43,1.2890384615384747
2012-10-29,1.38,1.3159230769230916
2012-10-30,1.35,1.3428076923077086
2012-10-31,1.3,1.3
2012-11-01,1.47,1.3965769230769354
2012-11-02,1.48,1.4234615384615523
2012-11-03,1.26,1.26
2012-11-04,1.3,1.3
2012-11-05,1.55,1.504115384615396
2012-11-06,1.5,1.5
2012-11-07,1.46,1.46
2012-11-08,1.32,1.32
2012-11-09,1.18,1.18
2012-11-10,1.26,1.26
2012-11-11,1.28,1.28
2012-11-12,1.18,1.18
2012-11-13,1.15,1.15
2012-11-14,1.11,1.11
2012-11-15,1.07,1.07
2012-11-16,1.03,1.03
2012-11-17,0.987,0.987
2012-11-18,0.947,0.947
2012-11-19,0.922,0.922
2012-11-20,0.937,0.937
2012-11-21,1.05,1.05
2012-11-22,1.44,1.44
2012-11-23,1.91,1.91
2012-11-24,1.72,1.72
2012-11-25,2.68,2.0418076923077066
2012-11-26,2.91,2.0686923076923236
2012-11-27,3.58,2.0955769230769405
2012-11-28,4.27,2.1224615384615504
2012-11-29,3.25,2.1493461538461673
2012-11-30,2.74,2.1762307692307843
2012-12-01,2.41,2.2031153846154012
2012-12-02,2.23,2.23
2012-12-03,2.61,2.2375862068965553
2012-12-04,2.37,2.2451724137931066
2012-12-05,2.05,2.05
2012-12-06,2.05,2.05
2012-12-07,3.91,2.267931034482764
2012-12-08,3.4,2.2755172413793154
2012-12-09,2.48,2.2831034482758668
2012-12-10,2.04,2.04
2012-12-11,1.82,1.82
2012-12-12,1.71,1.71
2012-12-13,1.61,1.61
2012-12-14,2.3,2.3
2012-12-15,2.89,2.328620689655178
2012-12-16,2.17,2.17
2012-12-17,1.95,1.95
2012-12-18,1.79,1.79
2012-12-19,1.69,1.69
2012-12-20,2.14,2.14
2012-12-21,2.49,2.374137931034486
2012-12-22,2.97,2.381724137931041
2012-12-23,4.39,2.3893103448275923
2012-12-24,3.87,2.3968965517241436
2012-12-25,3.27,2.404482758620695
2012-12-26,2.64,2.4120689655172463
2012-12-27,2.57,2.4196551724137976
2012-12-28,2.56,2.427241379310349
2012-12-29,2.56,2.4348275862069
2012-12-30,2.28,2.28
2012-12-31,2.07,2.07
2013-01-01,1.88,1.88
2013-01-02,1.79,1.79
2013-01-03,1.72,1.72
2013-01-04,1.66,1.66
2013-01-05,1.62,1.62
2013-01-06,1.58,1.58
2013-01-07,1.56,1.56
2013-01-08,1.57,1.57
2013-01-09,1.78,1.78
2013-01-10,1.69,1.69
2013-01-11,1.61,1.61
2013-01-12,1.56,1.56
2013-01-13,1.5,1.5
2013-01-14,1.54,1.54
2013-01-15,1.61,1.61
2013-01-16,1.51,1.51
2013-01-17,1.48,1.48
2013-01-18,1.51,1.51
2013-01-19,1.53,1.53
2013-01-20,1.58,1.58
2013-01-21,1.64,1.64
2013-01-22,1.77,1.77
2013-01-23,1.9,1.9
2013-01-24,1.83,1.83
2013-01-25,1.71,1.71
2013-01-26,2.17,2.17
2013-01-27,5.34,2.6548275862069026
2013-01-28,3.62,2.662413793103454
2013-01-29,2.67,2.67
2013-01-30,3.03,2.6006666666667115
2013-01-31,2.46,2.46
2013-02-01,1.98,1.98
2013-02-02,1.8,1.8
2013-02-03,1.78,1.78
2013-02-04,1.67,1.67
2013-02-05,1.68,1.68
2013-02-06,1.88,1.88
2013-02-07,2.37,2.046000000000049
2013-02-08,2.69,1.9766666666667163
2013-02-09,2.63,1.9073333333333835
2013-02-10,2.28,1.8380000000000507
2013-02-11,1.94,1.768666666666718
2013-02-12,1.73,1.699333333333385
2013-02-13,1.63,1.63
2013-02-14,3.0,1.621320754716983
2013-02-15,2.37,1.6126415094339634
2013-02-16,1.96,1.603962264150944
2013-02-17,1.79,1.595283018867928
2013-02-18,1.65,1.5866037735849083
2013-02-19,1.58,1.5779245283018888
2013-02-20,1.47,1.47
2013-02-21,1.41,1.41
2013-02-22,1.38,1.38
2013-02-23,1.36,1.36
2013-02-24,1.34,1.34
2013-02-25,1.33,1.33
2013-02-26,1.29,1.29
2013-02-27,1.28,1.28
2013-02-28,1.26,1.26
2013-03-01,1.25,1.25
2013-03-02,1.25,1.25
2013-03-03,1.22,1.22
2013-03-04,1.22,1.22
2013-03-05,1.22,1.22
2013-03-06,1.2,1.2
2013-03-07,1.19,1.19
2013-03-08,1.31,1.31
2013-03-09,5.53,1.4216981132075475
2013-03-10,6.0,1.4130188679245315
2013-03-11,3.06,1.404339622641512
2013-03-12,2.31,1.3956603773584924
2013-03-13,2.24,1.3869811320754728
2013-03-14,2.06,1.3783018867924532
2013-03-15,1.95,1.3696226415094372
2013-03-16,1.91,1.3609433962264177
2013-03-17,2.19,1.3522641509433981
2013-03-18,2.57,1.3435849056603786
2013-03-19,2.19,1.334905660377359
2013-03-20,2.34,1.326226415094343
2013-03-21,2.05,1.3175471698113235
2013-03-22,1.85,1.308867924528304
2013-03-23,1.72,1.3001886792452844
2013-03-24,1.59,1.2915094339622648
2013-03-25,1.53,1.2828301886792488
2013-03-26,1.47,1.2741509433962293
2013-03-27,1.42,1.2654716981132097
2013-03-28,1.4,1.2567924528301901
2013-03-29,1.36,1.2481132075471706
2013-03-30,1.33,1.2394339622641546
2013-03-31,1.3,1.230754716981135
2013-04-01,1.29,1.2220754716981155
2013-04-02,1.25,1.213396226415096
2013-04-03,1.24,1.2047169811320764
2013-04-04,1.23,1.1960377358490568
2013-04-05,1.2,1.1873584905660408
2013-04-06,1.17,1.17
2013-04-07,1.17,1.17
2013-04-08,1.2,1.1653709677419357
2013-04-09,1.19,1.1607419354838715
2013-04-10,1.17,1.1561129032258073
2013-04-11,1.17,1.151483870967743
2013-04-12,1.23,1.1468548387096789
2013-04-13,1.18,1.1422258064516146
2013-04-14,1.15,1.1375967741935487
2013-04-15,1.12,1.12
2013-04-16,1.11,1.11
2013-04-17,1.1,1.1
2013-04-18,1.09,1.09
2013-04-19,1.04,1.04
2013-04-20,1.06,1.06
2013-04-21,1.09,1.09
2013-04-22,1.07,1.07
2013-04-23,1.04,1.04
2013-04-24,1.03,1.03
2013-04-25,1.05,1.05
2013-04-26,1.14,1.0820483870967745
2013-04-27,1.07,1.07
2013-04-28,1.04,1.04
2013-04-29,1.02,1.02
2013-04-30,0.997,0.997
2013-05-01,0.989,0.989
2013-05-02,0.986,0.986
2013-05-03,0.99,0.99
2013-05-04,0.992,0.992
2013-05-05,0.977,0.977
2013-05-06,0.975,0.975
2013-05-07,0.977,0.977
2013-05-08,0.985,0.985
2013-05-09,0.953,0.953
2013-05-10,0.949,0.949
2013-05-11,1.02,1.0126129032258078
2013-05-12,1.03,1.0079838709677436
2013-05-13,1.03,1.0033548387096776
2013-05-14,1.14,0.9987258064516134
2013-05-15,1.23,0.9940967741935491
2013-05-16,1.03,0.9894677419354849
2013-05-17,1.05,0.9848387096774207
2013-05-18,1.07,0.9802096774193565
2013-05-19,0.999,0.9755806451612905
2013-05-20,0.981,0.9709516129032263
2013-05-21,0.964,0.964
2013-05-22,1.02,0.9616935483870979
2013-05-23,1.17,0.9570645161290336
2013-05-24,2.05,0.9524354838709694
2013-05-25,1.4,0.9478064516129034
2013-05-26,1.18,0.9431774193548392
2013-05-27,1.08,0.938548387096775
2013-05-28,1.02,0.9339193548387108
2013-05-29,1.02,0.9292903225806466
2013-05-30,1.01,0.9246612903225824
2013-05-31,0.984,0.9200322580645164
2013-06-01,0.959,0.9154032258064522
2013-06-02,0.931,0.910774193548388
2013-06-03,0.901,0.901
2013-06-04,0.91,0.9015161290322595
2013-06-05,0.911,0.8968870967741953
2013-06-06,0.891,0.891
2013-06-07,0.883,0.883
2013-06-08,0.883,0.883
2013-06-09,0.888,0.8779130434782534
2013-06-10,0.882,0.8728260869565148
2013-06-11,0.876,0.8677391304347761
2013-06-12,0.861,0.861
2013-06-13,0.872,0.8575652173912971
2013-06-14,0.872,0.8524782608695585
2013-06-15,0.935,0.8473913043478198
2013-06-16,0.849,0.8423043478260794
2013-06-17,0.833,0.833
2013-06-18,0.834,0.8321304347826022
2013-06-19,0.838,0.8270434782608618
2013-06-20,0.816,0.816
2013-06-21,0.828,0.8168695652173845
2013-06-22,0.86,0.8117826086956459
2013-06-23,0.824,0.8066956521739055
2013-06-24,0.811,0.8016086956521669
2013-06-25,0.787,0.787
2013-06-26,0.756,0.756
2013-06-27,0.783,0.783
2013-06-28,0.859,0.7812608695652106
2013-06-29,0.852,0.7761739130434719
2013-06-30,0.789,0.7710869565217315
2013-07-01,0.766,0.7659999999999929
2013-07-02,0.77,0.7571818181818131
2013-07-03,0.766,0.7483636363636315
2013-07-04,0.751,0.7395454545454498
2013-07-05,0.716,0.716
2013-07-06,0.695,0.695
2013-07-07,0.687,0.687
2013-07-08,0.704,0.704
2013-07-09,0.71,0.6954545454545418
2013-07-10,0.704,0.6866363636363566
2013-07-11,0.698,0.677818181818175
2013-07-12,0.669,0.6689999999999934
2013-07-13,0.72,0.6705416666666673
2013-07-14,0.699,0.6720833333333336
2013-07-15,0.681,0.6736250000000004
2013-07-16,0.67,0.67
2013-07-17,0.659,0.659
2013-07-18,0.658,0.658
2013-07-19,0.656,0.656
2013-07-20,0.683,0.6813333333333338
2013-07-21,0.709,0.6828750000000006
2013-07-22,0.709,0.6844166666666669
2013-07-23,0.697,0.6859583333333337
2013-07-24,0.691,0.6875000000000004
2013-07-25,0.667,0.667
2013-07-26,0.641,0.641
2013-07-27,0.647,0.647
2013-07-28,0.651,0.651
2013-07-29,0.651,0.651
2013-07-30,0.653,0.653
2013-07-31,0.693,0.693
2013-08-01,0.726,0.6998333333333338
2013-08-02,0.926,0.7013750000000001
2013-08-03,0.835,0.7029166666666669
2013-08-04,0.72,0.7044583333333336
2013-08-05,0.706,0.706
2013-08-06,0.734,0.7080652173913062
2013-08-07,0.708,0.708
2013-08-08,0.7,0.7
2013-08-09,0.7,0.7
2013-08-10,0.686,0.686
2013-08-11,0.678,0.678
2013-08-12,0.678,0.678
2013-08-13,0.669,0.669
2013-08-14,0.668,0.668
2013-08-15,0.677,0.677
2013-08-16,0.71,0.71
2013-08-17,0.749,0.7307826086956544
2013-08-18,0.707,0.707
2013-08-19,0.678,0.678
2013-08-20,0.669,0.669
2013-08-21,0.666,0.666
2013-08-22,0.679,0.679
2013-08-23,0.82,0.7431739130434805
2013-08-24,0.877,0.7452391304347845
2013-08-25,0.837,0.7473043478260895
2013-08-26,0.771,0.7493695652173935
2013-08-27,0.753,0.7514347826086976
2013-08-28,0.721,0.721
2013-08-29,0.697,0.697
2013-08-30,0.692,0.692
2013-08-31,0.68,0.68
2013-09-01,0.69,0.69
2013-09-02,0.689,0.689
2013-09-03,0.683,0.683
2013-09-04,0.691,0.691
2013-09-05,0.695,0.695
2013-09-06,0.716,0.716
2013-09-07,0.729,0.729
2013-09-08,0.702,0.702
2013-09-09,0.709,0.709
2013-09-10,0.883,0.7803478260869587
2013-09-11,0.948,0.7824130434782628
2013-09-12,0.832,0.7844782608695677
2013-09-13,0.875,0.7865434782608718
2013-09-14,1.16,0.7886086956521758
2013-09-15,0.955,0.7906739130434808
2013-09-16,0.873,0.7927391304347848
2013-09-17,0.838,0.7948043478260889
2013-09-18,0.81,0.7968695652173938
2013-09-19,0.803,0.7989347826086979
2013-09-20,0.801,0.801
2013-09-21,0.804,0.794833333333326
2013-09-22,0.783,0.783
2013-09-23,0.77,0.77
2013-09-24,0.775,0.775
2013-09-25,0.774,0.7701666666666593
2013-09-26,0.764,0.7639999999999922
2013-09-27,0.767,0.7601999999999958
2013-09-28,0.762,0.7563999999999957
2013-09-29,0.735,0.735
2013-09-30,0.733,0.733
2013-10-01,0.73,0.73
2013-10-02,0.727,0.727
2013-10-03,0.731,0.731
2013-10-04,0.74,0.7335999999999956
2013-10-05,0.729,0.729
2013-10-06,0.726,0.7259999999999955
2013-10-07,0.735,0.735
2013-10-08,0.733,0.733
2013-10-09,0.743,0.743
2013-10-10,0.831,0.772000000000002
2013-10-11,0.822,0.7835000000000001
2013-10-12,0.945,0.7950000000000017
2013-10-13,2.07,0.8064999999999998
2013-10-14,1.79,0.8180000000000014
2013-10-15,1.35,0.8294999999999995
2013-10-16,1.17,0.8410000000000011
2013-10-17,1.1,0.8525000000000027
2013-10-18,1.04,0.8640000000000008
2013-10-19,1.03,0.8755000000000024
2013-10-20,1.13,0.8870000000000005
2013-10-21,1.31,0.8985000000000021
2013-10-22,1.24,0.9100000000000001
2013-10-23,1.17,0.9215000000000018
2013-10-24,1.09,0.9329999999999998
2013-10-25,1.09,0.9445000000000014
2013-10-26,1.07,0.9559999999999995
2013-10-27,1.11,0.9675000000000011
2013-10-28,1.86,0.9789999999999992
2013-10-29,1.53,0.9905000000000008
2013-10-30,1.14,1.0020000000000024
2013-10-31,1.11,1.0135000000000005
2013-11-01,1.06,1.0250000000000021
2013-11-02,1.04,1.0365000000000002
2013-11-03,0.984,0.984
2013-11-04,0.983,0.983
2013-11-05,0.955,0.955
2013-11-06,0.981,0.981
2013-11-07,1.08,1.08
2013-11-08,1.18,1.1054999999999993
2013-11-09,1.52,1.1170000000000009
2013-11-10,1.26,1.1285000000000025
2013-11-11,1.14,1.14
2013-11-12,1.29,1.1333333333333293
2013-11-13,1.24,1.1266666666666616
2013-11-14,1.17,1.1199999999999974
2013-11-15,1.08,1.08
2013-11-16,1.04,1.04
2013-11-17,1.03,1.03
2013-11-18,1.04,1.04
2013-11-19,1.05,1.05
2013-11-20,1.38,1.0799999999999947
2013-11-21,1.49,1.0733333333333306
2013-11-22,1.43,1.0666666666666629
2013-11-23,1.3,1.0599999999999952
2013-11-24,1.22,1.0533333333333275
2013-11-25,1.16,1.0466666666666633
2013-11-26,1.12,1.0399999999999956
2013-11-27,1.09,1.0333333333333279
2013-11-28,1.05,1.0266666666666637
2013-11-29,1.02,1.019999999999996
2013-11-30,1.11,1.0085555555555636
2013-12-01,1.04,0.997111111111117
2013-12-02,1.0,0.985666666666674
2013-12-03,0.973,0.973
2013-12-04,0.971,0.9627777777777844
2013-12-05,0.955,0.9513333333333414
2013-12-06,0.934,0.934
2013-12-07,0.918,0.918
2013-12-08,0.917,0.917
2013-12-09,0.921,0.921
2013-12-10,0.885,0.885
2013-12-11,0.885,0.885
2013-12-12,0.883,0.883
2013-12-13,0.896,0.896
2013-12-14,0.884,0.884
2013-12-15,0.905,0.905
2013-12-16,0.94,0.94
2013-12-17,1.04,1.04
2013-12-18,1.03,1.03
2013-12-19,1.1,1.1
2013-12-20,1.05,1.05
2013-12-21,1.03,1.03
2013-12-22,1.03,1.03
2013-12-23,1.08,1.08
2013-12-24,1.6,1.257444444444431
2013-12-25,1.49,1.278722222222207
2013-12-26,1.3,1.299999999999983
2013-12-27,1.32,1.314130434782598
2013-12-28,1.21,1.21
2013-12-29,1.11,1.11
2013-12-30,1.09,1.09
2013-12-31,1.12,1.12
2014-01-01,1.25,1.25
2014-01-02,1.37,1.37
2014-01-03,1.35,1.35
2014-01-04,1.35,1.35
2014-01-05,1.32,1.32
2014-01-06,1.28,1.28
2014-01-07,1.61,1.4695652173912919
2014-01-08,1.7,1.4836956521738998
2014-01-09,2.26,1.4978260869565148
2014-01-10,1.93,1.5119565217391226
2014-01-11,1.7,1.5260869565217305
2014-01-12,1.53,1.53
2014-01-13,1.53,1.53
2014-01-14,1.41,1.41
2014-01-15,1.53,1.53
2014-01-16,1.52,1.52
2014-01-17,1.39,1.39
2014-01-18,1.29,1.29
2014-01-19,1.38,1.38
2014-01-20,1.33,1.33
2014-01-21,1.27,1.27
2014-01-22,1.28,1.28
2014-01-23,1.35,1.35
2014-01-24,1.37,1.37
2014-01-25,1.58,1.58
2014-01-26,2.2,1.738043478260856
2014-01-27,2.34,1.752173913043471
2014-01-28,1.87,1.766304347826079
2014-01-29,1.65,1.65
2014-01-30,1.52,1.52
2014-01-31,1.61,1.61
2014-02-01,2.56,1.8228260869565105
2014-02-02,1.97,1.8369565217391184
2014-02-03,1.64,1.64
2014-02-04,1.53,1.53
2014-02-05,1.64,1.64
2014-02-06,1.81,1.81
2014-02-07,4.06,1.907608695652165
2014-02-08,3.18,1.9217391304347728
2014-02-09,2.19,1.9358695652173807
2014-02-10,1.95,1.9499999999999886
2014-02-11,2.16,1.9099999999999255
2014-02-12,2.08,1.8699999999999193
2014-02-13,1.89,1.8299999999999272
2014-02-14,2.22,1.789999999999921
2014-02-15,2.4,1.749999999999929
2014-02-16,1.86,1.7099999999999227
2014-02-17,1.67,1.6699999999999307
2014-02-18,1.69,1.643478260869557
2014-02-19,1.57,1.57
2014-02-20,1.56,1.56
2014-02-21,1.45,1.45
2014-02-22,1.35,1.35
2014-02-23,1.31,1.31
2014-02-24,1.28,1.28
2014-02-25,1.28,1.28
2014-02-26,1.22,1.22
2014-02-27,1.4,1.4
2014-02-28,1.35,1.35
2014-03-01,1.28,1.28
2014-03-02,1.32,1.32
2014-03-03,1.47,1.2986956521739046
2014-03-04,1.33,1.2721739130434742
2014-03-05,1.24,1.24
2014-03-06,1.21,1.21
2014-03-07,1.19,1.19
2014-03-08,1.16,1.16
2014-03-09,1.14,1.1395652173912936
2014-03-10,1.09,1.09
2014-03-11,1.08,1.08
2014-03-12,1.06,1.059999999999988
2014-03-13,1.07,1.0514285714286018
2014-03-14,1.06,1.042857142857173
2014-03-15,1.04,1.034285714285744
2014-03-16,1.02,1.02
2014-03-17,1.03,1.0171428571428898
2014-03-18,1.02,1.0085714285714609
2014-03-19,1.0,1.0
2014-03-20,1.02,0.9970555555555558
2014-03-21,1.01,0.9941111111111116
2014-03-22,1.02,0.9911666666666665
2014-03-23,0.986,0.986
2014-03-24,0.965,0.965
2014-03-25,0.954,0.954
2014-03-26,0.986,0.9793888888888889
2014-03-27,1.09,0.9764444444444447
2014-03-28,1.28,0.9735000000000005
2014-03-29,1.12,0.9705555555555554
2014-03-30,1.08,0.9676111111111112
2014-03-31,1.04,0.964666666666667
2014-04-01,1.02,0.9617222222222228
2014-04-02,0.997,0.9587777777777777
2014-04-03,0.99,0.9558333333333335
2014-04-04,0.988,0.9528888888888893
2014-04-05,0.967,0.9499444444444443
2014-04-06,1.01,0.9470000000000001
2014-04-07,1.07,0.9440555555555559
2014-04-08,1.03,0.9411111111111117
2014-04-09,0.97,0.9381666666666666
2014-04-10,0.954,0.9352222222222224
2014-04-11,0.944,0.9322777777777782
2014-04-12,0.937,0.9293333333333331
2014-04-13,0.917,0.917
2014-04-14,0.89,0.89
2014-04-15,0.886,0.886
2014-04-16,0.884,0.884
2014-04-17,0.88,0.88
2014-04-18,0.869,0.869
2014-04-19,0.872,0.872
2014-04-20,0.9,0.9
2014-04-21,0.902,0.902
2014-04-22,0.955,0.8998888888888894
2014-04-23,0.905,0.8969444444444443
2014-04-24,0.894,0.894
2014-04-25,0.991,0.8974000000000029
2014-04-26,0.965,0.900800000000002
2014-04-27,0.923,0.904200000000003
2014-04-28,0.899,0.899
2014-04-29,0.895,0.895
2014-04-30,0.874,0.874
2014-05-01,0.862,0.862
2014-05-02,0.843,0.843
2014-05-03,0.818,0.818
2014-05-04,0.826,0.826
2014-05-05,0.834,0.834
2014-05-06,0.861,0.861
2014-05-07,0.836,0.836
2014-05-08,0.936,0.936
2014-05-09,0.968,0.9450000000000021
2014-05-10,0.969,0.948400000000003
2014-05-11,1.04,0.9518000000000022
2014-05-12,1.07,0.9552000000000032
2014-05-13,1.01,0.9586000000000023
2014-05-14,0.903,0.903
2014-05-15,0.869,0.869
2014-05-16,0.855,0.855
2014-05-17,0.842,0.842
2014-05-18,0.819,0.819
2014-05-19,0.804,0.804
2014-05-20,0.782,0.782
2014-05-21,0.97,0.97
2014-05-22,1.51,0.9892000000000021
2014-05-23,1.03,0.992600000000003
2014-05-24,1.12,0.9960000000000022
2014-05-25,1.01,0.9994000000000032
2014-05-26,0.912,0.912
2014-05-27,2.38,1.0062000000000033
2014-05-28,3.5,1.0096000000000025
2014-05-29,2.35,1.0130000000000035
2014-05-30,1.68,1.0164000000000026
2014-05-31,1.33,1.0198000000000036
2014-06-01,1.17,1.0232000000000028
2014-06-02,1.06,1.026600000000002
2014-06-03,1.03,1.03
2014-06-04,1.05,1.0132000000000048
2014-06-05,0.995,0.995
2014-06-06,0.884,0.884
2014-06-07,0.892,0.892
2014-06-08,0.901,0.901
2014-06-09,0.965,0.9292000000000016
2014-06-10,0.853,0.853
2014-06-11,0.794,0.794
2014-06-12,0.766,0.766
2014-06-13,0.749,0.749
2014-06-14,0.741,0.741
2014-06-15,0.73,0.73
2014-06-16,0.729,0.729
2014-06-17,0.715,0.715
2014-06-18,0.731,0.731
2014-06-19,0.737,0.737
2014-06-20,0.715,0.715
2014-06-21,0.701,0.701
2014-06-22,0.697,0.697
2014-06-23,0.694,0.694
2014-06-24,0.734,0.6945892857142851
2014-06-25,0.722,0.6951785714285709
2014-06-26,0.7,0.6957678571428564
2014-06-27,0.838,0.6963571428571421
2014-06-28,0.924,0.6969464285714279
2014-06-29,0.851,0.6975357142857136
2014-06-30,0.785,0.6981249999999993
2014-07-01,0.735,0.6987142857142851
2014-07-02,0.705,0.6993035714285708
2014-07-03,0.681,0.681
2014-07-04,0.67,0.67
2014-07-05,0.708,0.701071428571428
2014-07-06,0.749,0.7016607142857135
2014-07-07,0.72,0.7022499999999993
2014-07-08,0.69,0.69
2014-07-09,0.672,0.672
2014-07-10,0.805,0.7040178571428565
2014-07-11,0.914,0.7046071428571422
2014-07-12,0.812,0.705196428571428
2014-07-13,1.01,0.7057857142857137
2014-07-14,1.05,0.7063749999999994
2014-07-15,0.791,0.7069642857142852
2014-07-16,0.74,0.7075535714285707
2014-07-17,0.71,0.7081428571428564
2014-07-18,0.696,0.696
2014-07-19,0.759,0.7093214285714279
2014-07-20,0.876,0.7099107142857136
2014-07-21,0.785,0.7104999999999994
2014-07-22,0.749,0.7110892857142851
2014-07-23,0.732,0.7116785714285708
2014-07-24,0.689,0.689
2014-07-25,0.673,0.673
2014-07-26,0.671,0.671
2014-07-27,0.671,0.671
2014-07-28,0.681,0.681
2014-07-29,0.679,0.679
2014-07-30,0.652,0.652
2014-07-31,0.654,0.654
2014-08-01,0.697,0.697
2014-08-02,0.682,0.682
2014-08-03,0.672,0.672
2014-08-04,0.655,0.655
2014-08-05,0.657,0.657
2014-08-06,0.754,0.7199285714285707
2014-08-07,0.712,0.712
2014-08-08,0.692,0.692
2014-08-09,1.0,0.7216964285714279
2014-08-10,1.09,0.7222857142857136
2014-08-11,0.953,0.7228749999999994
2014-08-12,0.812,0.7234642857142851
2014-08-13,0.752,0.7240535714285709
2014-08-14,0.784,0.7246428571428566
2014-08-15,1.07,0.7252321428571423
2014-08-16,0.81,0.7258214285714278
2014-08-17,0.746,0.7264107142857136
2014-08-18,0.727,0.7269999999999993
2014-08-19,0.84,0.7257187499999986
2014-08-20,0.803,0.7244374999999987
2014-08-21,0.751,0.7231562499999984
2014-08-22,0.726,0.7218749999999985
2014-08-23,0.682,0.682
2014-08-24,0.718,0.718
2014-08-25,0.857,0.7180312499999988
2014-08-26,1.2,0.7167499999999984
2014-08-27,0.879,0.7154687499999985
2014-08-28,0.809,0.7141874999999986
2014-08-29,0.77,0.7129062499999987
2014-08-30,0.734,0.7116249999999984
2014-08-31,0.72,0.7103437499999985
2014-09-01,0.742,0.7090624999999986
2014-09-02,0.73,0.7077812499999987
2014-09-03,0.711,0.7064999999999988
2014-09-04,0.705,0.705
2014-09-05,0.704,0.7039374999999986
2014-09-06,0.711,0.7026562499999986
2014-09-07,0.708,0.7013749999999987
2014-09-08,0.687,0.687
2014-09-09,0.68,0.68
2014-09-10,0.678,0.678
2014-09-11,0.677,0.677
2014-09-12,0.669,0.669
2014-09-13,0.662,0.662
2014-09-14,0.656,0.656
2014-09-15,0.677,0.677
2014-09-16,0.69,0.6898437499999988
2014-09-17,0.696,0.6885624999999989
2014-09-18,0.691,0.6872812499999985
2014-09-19,0.686,0.6859999999999986
2014-09-20,0.695,0.6945806451612953
2014-09-21,0.683,0.683
2014-09-22,0.655,0.655
2014-09-23,0.652,0.652
2014-09-24,0.749,0.7289032258064587
2014-09-25,0.764,0.7374838709677469
2014-09-26,0.697,0.697
2014-09-27,0.684,0.684
2014-09-28,0.686,0.686
2014-09-29,0.69,0.69
2014-09-30,0.698,0.698
2014-10-01,0.686,0.686
2014-10-02,0.684,0.684
2014-10-03,0.679,0.679
2014-10-04,0.731,0.731
2014-10-05,0.747,0.747
2014-10-06,0.753,0.753
2014-10-07,0.789,0.789
2014-10-08,0.756,0.756
2014-10-09,0.728,0.728
2014-10-10,0.711,0.711
2014-10-11,0.744,0.744
2014-10-12,0.777,0.777
2014-10-13,2.45,0.8919354838709737
2014-10-14,2.6,0.9005161290322619
2014-10-15,1.33,0.9090967741935536
2014-10-16,1.69,0.9176774193548454
2014-10-17,1.3,0.9262580645161336
2014-10-18,1.12,0.9348387096774253
2014-10-19,1.01,0.9434193548387135
2014-10-20,0.952,0.952
2014-10-21,0.992,0.9549361702127683
2014-10-22,0.937,0.937
2014-10-23,0.898,0.898
2014-10-24,0.926,0.926
2014-10-25,1.01,0.966680851063833
2014-10-26,0.942,0.942
2014-10-27,0.907,0.907
2014-10-28,0.884,0.884
2014-10-29,0.861,0.861
2014-10-30,0.851,0.851
2014-10-31,0.845,0.845
2014-11-01,0.844,0.844
2014-11-02,0.857,0.857
2014-11-03,0.888,0.888
2014-11-04,0.854,0.854
2014-11-05,0.96,0.96
2014-11-06,0.939,0.939
2014-11-07,0.965,0.965
2014-11-08,0.931,0.931
2014-11-09,1.32,1.0107234042553213
2014-11-10,1.33,1.0136595744680879
2014-11-11,1.23,1.0165957446808527
2014-11-12,1.17,1.0195319148936193
2014-11-13,1.12,1.0224680851063859
2014-11-14,1.16,1.0254042553191507
2014-11-15,1.16,1.0283404255319173
2014-11-16,1.74,1.0312765957446839
2014-11-17,2.34,1.0342127659574487
2014-11-18,1.78,1.0371489361702153
2014-11-19,1.42,1.040085106382982
2014-11-20,1.25,1.0430212765957467
2014-11-21,1.16,1.0459574468085133
2014-11-22,1.14,1.0488936170212781
2014-11-23,2.92,1.0518297872340447
2014-11-24,3.17,1.0547659574468113
2014-11-25,1.91,1.0577021276595762
2014-11-26,2.16,1.0606382978723428
2014-11-27,2.08,1.0635744680851094
2014-11-28,1.7,1.0665106382978742
2014-11-29,1.46,1.0694468085106408
2014-11-30,1.32,1.0723829787234074
2014-12-01,1.25,1.0753191489361722
2014-12-02,1.21,1.0782553191489388
2014-12-03,1.16,1.0811914893617054
2014-12-04,1.14,1.0841276595744702
2014-12-05,1.13,1.0870638297872368
2014-12-06,1.09,1.09
2014-12-07,1.1,1.092948717948719
2014-12-08,1.06,1.06
2014-12-09,1.04,1.04
2014-12-10,1.07,1.07
2014-12-11,1.11,1.10474358974359
2014-12-12,1.27,1.107692307692309
2014-12-13,1.19,1.1106410256410264
2014-12-14,1.15,1.1135897435897455
2014-12-15,1.15,1.1165384615384628
2014-12-16,1.13,1.1194871794871801
2014-12-17,1.6,1.1224358974358992
2014-12-18,1.44,1.1253846153846165
2014-12-19,1.45,1.1283333333333339
2014-12-20,1.31,1.131282051282053
2014-12-21,1.24,1.1342307692307703
2014-12-22,1.19,1.1371794871794876
2014-12-23,1.12,1.12
2014-12-24,1.06,1.06
2014-12-25,1.01,1.01
2014-12-26,1.5,1.1489743589743604
2014-12-27,4.15,1.1519230769230777
2014-12-28,2.39,1.154871794871795
2014-12-29,1.72,1.1578205128205141
2014-12-30,1.5,1.1607692307692314
2014-12-31,1.37,1.1637179487179505
2015-01-01,1.32,1.1666666666666679
2015-01-02,1.27,1.1696153846153852
2015-01-03,1.25,1.1725641025641043
2015-01-04,1.19,1.1755128205128216
2015-01-05,1.18,1.178461538461539
2015-01-06,1.18,1.18
2015-01-07,1.15,1.15
2015-01-08,1.18,1.18
2015-01-09,1.18,1.18
2015-01-10,1.2,1.193205128205129
2015-01-11,1.14,1.14
2015-01-12,1.21,1.1991025641025654
2015-01-13,1.58,1.2020512820512828
2015-01-14,1.68,1.2050000000000018
2015-01-15,1.64,1.2079487179487192
2015-01-16,1.4,1.2108974358974365
2015-01-17,1.28,1.2138461538461556
2015-01-18,1.22,1.216794871794873
2015-01-19,1.17,1.17
2015-01-20,1.14,1.14
2015-01-21,1.12,1.12
2015-01-22,1.08,1.08
2015-01-23,1.11,1.11
2015-01-24,1.3,1.2344871794871803
2015-01-25,1.22,1.22
2015-01-26,1.2,1.2
2015-01-27,1.16,1.16
2015-01-28,1.2,1.2
2015-01-29,1.24,1.24
2015-01-30,1.2,1.2
2015-01-31,1.62,1.2551282051282069
2015-02-01,2.19,1.2580769230769242
2015-02-02,1.99,1.2610256410256415
2015-02-03,1.88,1.2639743589743606
2015-02-04,1.87,1.266923076923078
2015-02-05,1.8,1.2698717948717952
2015-02-06,1.59,1.2728205128205143
2015-02-07,1.45,1.2757692307692317
2015-02-08,1.34,1.278717948717949
2015-02-09,1.29,1.281666666666668
2015-02-10,1.23,1.23
2015-02-11,1.21,1.21
2015-02-12,1.17,1.17
2015-02-13,1.15,1.15
2015-02-14,1.11,1.11
2015-02-15,1.11,1.11
2015-02-16,1.11,1.11
2015-02-17,1.09,1.09
2015-02-18,1.08,1.08
2015-02-19,1.21,1.21
2015-02-20,1.43,1.3141025641025657
2015-02-21,1.32,1.317051282051283
2015-02-22,1.32,1.32
2015-02-23,1.39,1.3002941176470628
2015-02-24,1.25,1.25
2015-02-25,1.17,1.17
2015-02-26,1.34,1.2411764705882362
2015-02-27,1.31,1.2214705882352987
2015-02-28,1.29,1.2017647058823542
2015-03-01,1.32,1.1820588235294167
2015-03-02,1.21,1.1623529411764721
2015-03-03,1.16,1.1426470588235347
2015-03-04,1.11,1.11
2015-03-05,1.08,1.08
2015-03-06,1.07,1.07
2015-03-07,1.05,1.05
2015-03-08,1.03,1.03
2015-03-09,1.02,1.02
2015-03-10,0.994,0.994
2015-03-11,0.985,0.985
2015-03-12,0.999,0.9900000000000091
2015-03-13,0.968,0.968
2015-03-14,0.952,0.952
2015-03-15,0.954,0.954
2015-03-16,0.961,0.961
2015-03-17,0.962,0.962
2015-03-18,0.95,0.95
2015-03-19,0.938,0.938
2015-03-20,0.944,0.944
2015-03-21,0.946,0.946
2015-03-22,0.939,0.939
2015-03-23,0.95,0.95
2015-03-24,0.979,0.979
2015-03-25,0.95,0.95
2015-03-26,1.06,1.06
2015-03-27,0.978,0.978
2015-03-28,0.986,0.986
2015-03-29,1.26,1.07500000000001
2015-03-30,1.2,1.080000000000009
2015-03-31,1.28,1.0850000000000097
2015-04-01,1.14,1.0900000000000087
2015-04-02,1.13,1.0950000000000095
2015-04-03,1.1,1.1
2015-04-04,1.11,1.075400000000002
2015-04-05,1.05,1.05
2015-04-06,1.01,1.01
2015-04-07,1.0,1.0
2015-04-08,0.977,0.977
2015-04-09,0.981,0.9677647058823702
2015-04-10,0.936,0.936
2015-04-11,0.912,0.912
2015-04-12,0.889,0.889
2015-04-13,0.893,0.893
2015-04-14,0.876,0.876
2015-04-15,0.859,0.859
2015-04-16,0.847,0.847
2015-04-17,0.825,0.825
2015-04-18,0.819,0.819
2015-04-19,0.817,0.817
2015-04-20,0.81,0.81
2015-04-21,0.817,0.817
2015-04-22,0.817,0.817
2015-04-23,0.83,0.83
2015-04-24,0.826,0.826
2015-04-25,0.82,0.82
2015-04-26,0.822,0.8140000000000427
2015-04-27,0.796,0.796
2015-04-28,0.775,0.775
2015-04-29,0.815,0.796000000000042
2015-04-30,0.798,0.7900000000000418
2015-05-01,0.786,0.7840000000000416
2015-05-02,0.778,0.778
2015-05-03,0.892,0.7741999999999738
2015-05-04,0.89,0.7703999999999738
2015-05-05,1.02,0.7665999999999737
2015-05-06,0.892,0.7627999999999737
2015-05-07,0.954,0.7589999999999737
2015-05-08,0.949,0.7551999999999737
2015-05-09,0.904,0.7513999999999736
2015-05-10,0.839,0.7475999999999736
2015-05-11,0.816,0.7437999999999736
2015-05-12,0.779,0.7399999999999736
2015-05-13,0.76,0.7361999999999735
2015-05-14,0.756,0.7323999999999735
2015-05-15,0.745,0.7285999999999735
2015-05-16,0.73,0.7247999999999735
2015-05-17,0.721,0.7209999999999734
2015-05-18,0.958,0.7180487804878037
2015-05-19,0.908,0.7150975609756074
2015-05-20,0.839,0.7121463414634128
2015-05-21,0.784,0.7091951219512183
2015-05-22,0.772,0.7062439024390219
2015-05-23,0.747,0.7032926829268273
2015-05-24,0.754,0.7003414634146328
2015-05-25,0.737,0.6973902439024382
2015-05-26,0.739,0.6944390243902419
2015-05-27,0.717,0.6914878048780473
2015-05-28,0.708,0.6885365853658527
2015-05-29,0.79,0.6855853658536564
2015-05-30,0.757,0.6826341463414618
2015-05-31,0.771,0.6796829268292672
2015-06-01,0.744,0.6767317073170709
2015-06-02,0.774,0.6737804878048763
2015-06-03,0.744,0.6708292682926817
2015-06-04,0.706,0.6678780487804854
2015-06-05,0.762,0.6649268292682908
2015-06-06,0.696,0.6619756097560963
2015-06-07,0.666,0.6590243902438999
2015-06-08,0.656,0.656
2015-06-09,0.657,0.6531219512195108
2015-06-10,0.661,0.6501707317073162
2015-06-11,0.661,0.6472195121951199
2015-06-12,0.663,0.6442682926829253
2015-06-13,0.708,0.6413170731707307
2015-06-14,0.717,0.6383658536585344
2015-06-15,0.687,0.6354146341463398
2015-06-16,0.665,0.6324634146341452
2015-06-17,0.661,0.6295121951219489
2015-06-18,0.644,0.6265609756097543
2015-06-19,0.627,0.6236097560975598
2015-06-20,0.661,0.6206585365853634
2015-06-21,0.68,0.6177073170731688
2015-06-22,0.68,0.6147560975609743
2015-06-23,0.672,0.6118048780487797
2015-06-24,0.642,0.6088536585365834
2015-06-25,0.622,0.6059024390243888
2015-06-26,0.616,0.6029512195121942
2015-06-27,0.6,0.5999999999999979
2015-06-28,0.602,0.5910000000000046
2015-06-29,0.595,0.5820000000000043
2015-06-30,0.571,0.571
2015-07-01,0.556,0.556
2015-07-02,0.552,0.552
2015-07-03,0.541,0.541
2015-07-04,0.537,0.537
2015-07-05,0.559,0.5546800000000047
2015-07-06,0.556,0.556
2015-07-07,0.566,0.566
2015-07-08,0.607,0.607
2015-07-09,0.638,0.6254000000000062
2015-07-10,0.593,0.593
2015-07-11,0.571,0.571
2015-07-12,0.607,0.607
2015-07-13,0.627,0.627
2015-07-14,0.607,0.607
2015-07-15,0.628,0.628
2015-07-16,0.607,0.607
2015-07-17,1.0,0.766840000000002
2015-07-18,0.698,0.698
2015-07-19,0.622,0.622
2015-07-20,0.595,0.595
2015-07-21,0.571,0.571
2015-07-22,0.579,0.579
2015-07-23,0.599,0.599
2015-07-24,0.807,0.807
2015-07-25,1.64,0.9082800000000049
2015-07-26,1.11,0.9259600000000034
2015-07-27,1.31,0.943640000000002
2015-07-28,1.08,0.9613200000000077
2015-07-29,0.979,0.979
2015-07-30,0.997,0.9519999999999982
2015-07-31,0.894,0.894
2015-08-01,0.761,0.761
2015-08-02,0.7,0.7
2015-08-03,0.67,0.67
2015-08-04,0.646,0.646
2015-08-05,0.642,0.642
2015-08-06,0.642,0.642
2015-08-07,0.627,0.627
2015-08-08,0.612,0.612
2015-08-09,0.602,0.602
2015-08-10,0.606,0.606
2015-08-11,0.607,0.607
2015-08-12,0.604,0.6009999999999991
2015-08-13,0.574,0.5739999999999981
2015-08-14,0.6,0.5782758620689599
2015-08-15,0.594,0.5825517241379252
2015-08-16,0.572,0.572
2015-08-17,0.565,0.565
2015-08-18,0.667,0.595379310344823
2015-08-19,0.681,0.5996551724137884
2015-08-20,0.632,0.6039310344827538
2015-08-21,0.615,0.6082068965517191
2015-08-22,0.581,0.581
2015-08-23,0.591,0.591
2015-08-24,0.679,0.6210344827586152
2015-08-25,0.76,0.6253103448275805
2015-08-26,0.764,0.6295862068965459
2015-08-27,0.774,0.633862068965513
2015-08-28,0.683,0.6381379310344784
2015-08-29,0.642,0.642
2015-08-30,0.648,0.6466896551724091
2015-08-31,1.02,0.6509655172413744
2015-09-01,1.31,0.6552413793103398
2015-09-02,1.01,0.6595172413793051
2015-09-03,0.944,0.6637931034482705
2015-09-04,0.898,0.6680689655172358
2015-09-05,0.835,0.6723448275862012
2015-09-06,0.769,0.6766206896551665
2015-09-07,0.744,0.6808965517241337
2015-09-08,0.746,0.685172413793099
2015-09-09,0.752,0.6894482758620644
2015-09-10,0.717,0.6937241379310297
2015-09-11,0.698,0.6979999999999951
2015-09-12,0.709,0.709
2015-09-13,0.696,0.696
2015-09-14,0.735,0.735
2015-09-15,0.755,0.755
2015-09-16,0.994,0.7734999999999701
2015-09-17,1.84,0.7885999999999669
2015-09-18,1.32,0.8036999999999708
2015-09-19,1.07,0.8187999999999676
2015-09-20,0.897,0.8338999999999714
2015-09-21,0.849,0.8489999999999682
2015-09-22,0.867,0.8468076923076922
2015-09-23,0.815,0.815
2015-09-24,0.804,0.804
2015-09-25,0.777,0.777
2015-09-26,0.737,0.737
2015-09-27,0.714,0.714
2015-09-28,0.709,0.709
2015-09-29,0.7,0.7
2015-09-30,0.687,0.687
2015-10-01,0.678,0.678
2015-10-02,0.679,0.679
2015-10-03,0.684,0.684
2015-10-04,0.682,0.682
2015-10-05,0.711,0.711
2015-10-06,0.886,0.8161153846153839
2015-10-07,1.06,0.8139230769230767
2015-10-08,1.14,0.8117307692307687
2015-10-09,0.961,0.8095384615384615
2015-10-10,0.877,0.8073461538461535
2015-10-11,0.826,0.8051538461538454
2015-10-12,0.782,0.782
2015-10-13,0.741,0.741
2015-10-14,0.753,0.753
2015-10-15,0.837,0.796384615384615
2015-10-16,0.82,0.794192307692307
2015-10-17,0.792,0.7919999999999998
2015-10-18,0.795,0.795
2015-10-19,0.765,0.765
2015-10-20,0.742,0.742
2015-10-21,0.794,0.794
2015-10-22,0.789,0.789
2015-10-23,0.754,0.754
2015-10-24,0.745,0.745
2015-10-25,0.737,0.737
2015-10-26,0.721,0.721
2015-10-27,0.724,0.724
2015-10-28,0.784,0.784
2015-10-29,0.789,0.789
2015-10-30,0.803,0.803
2015-10-31,0.812,0.812
2015-11-01,0.779,0.779
2015-11-02,0.769,0.769
2015-11-03,0.761,0.761
2015-11-04,0.859,0.859
2015-11-05,1.0,0.8754642857142798
2015-11-06,1.04,0.8798571428571371
2015-11-07,1.36,0.8842499999999944
2015-11-08,1.55,0.8886428571428517
2015-11-09,1.24,0.8930357142857073
2015-11-10,1.09,0.8974285714285646
2015-11-11,1.02,0.9018214285714219
2015-11-12,0.96,0.9062142857142792
2015-11-13,0.92,0.9106071428571365
2015-11-14,0.915,0.9149999999999938
2015-11-15,1.02,0.9592307692307713
2015-11-16,0.958,0.958
2015-11-17,0.958,0.958
2015-11-18,0.974,0.974
2015-11-19,1.05,1.05
2015-11-20,1.06,1.06
2015-11-21,1.23,1.2246153846153618
2015-11-22,2.4,1.268846153846141
2015-11-23,2.36,1.3130769230769204
2015-11-24,2.13,1.3573076923076712
2015-11-25,1.82,1.4015384615384505
2015-11-26,1.63,1.4457692307692298
2015-11-27,1.49,1.4899999999999807
2015-11-28,1.59,1.496666666666588
2015-11-29,1.47,1.47
2015-11-30,1.93,1.5099999999999199
2015-12-01,2.17,1.5166666666665876
2015-12-02,1.67,1.5233333333332553
2015-12-03,1.53,1.529999999999923
2015-12-04,1.58,1.5041666666667055
2015-12-05,1.42,1.42
2015-12-06,1.3,1.3
2015-12-07,1.24,1.24
2015-12-08,1.21,1.21
2015-12-09,1.14,1.14
2015-12-10,1.14,1.14
2015-12-11,1.14,1.14
2015-12-12,1.21,1.21
2015-12-13,1.32,1.2716666666667038
2015-12-14,1.28,1.2458333333333655
2015-12-15,1.22,1.22
2015-12-16,1.36,1.2280000000000086
2015-12-17,1.33,1.2360000000000078
2015-12-18,1.23,1.23
2015-12-19,1.18,1.18
2015-12-20,1.14,1.14
2015-12-21,1.12,1.12
2015-12-22,1.14,1.14
2015-12-23,1.27,1.27
2015-12-24,1.23,1.23
2015-12-25,1.19,1.19
2015-12-26,1.19,1.19
2015-12-27,1.69,1.3160000000000096
2015-12-28,1.71,1.3240000000000087
2015-12-29,1.44,1.3320000000000078
2015-12-30,1.34,1.34
2015-12-31,1.42,1.4018181818181574
2016-01-01,1.39,1.39
2016-01-02,1.37,1.37
2016-01-03,2.19,1.5872727272727047
2016-01-04,3.27,1.6490909090908872
2016-01-05,2.07,1.7109090909090696
2016-01-06,1.75,1.75
2016-01-07,4.25,1.8345454545454345
2016-01-08,4.43,1.896363636363617
2016-01-09,2.51,1.9581818181817994
2016-01-10,2.02,2.019999999999982
2016-01-11,2.16,1.9878947368420938
2016-01-12,2.04,1.9557894736841916
2016-01-13,2.01,1.9236842105263037
2016-01-14,3.31,1.8915789473684015
2016-01-15,4.75,1.8594736842105135
2016-01-16,2.65,1.8273684210526113
2016-01-17,2.11,1.7952631578947233
2016-01-18,1.88,1.7631578947368212
2016-01-19,1.7,1.7
2016-01-20,1.61,1.61
2016-01-21,1.5,1.5
2016-01-22,1.85,1.6347368421052408
2016-01-23,1.89,1.6026315789473529
2016-01-24,1.78,1.5705263157894649
2016-01-25,1.68,1.5384210526315627
2016-01-26,1.56,1.5063157894736747
2016-01-27,1.55,1.4742105263157725
2016-01-28,1.44,1.44
2016-01-29,1.41,1.4099999999999824
2016-01-30,1.48,1.3800000000000665
2016-01-31,1.42,1.3500000000000654
2016-02-01,1.43,1.3200000000000642
2016-02-02,1.33,1.290000000000063
2016-02-03,1.26,1.26
2016-02-04,1.37,1.28749999999998
2016-02-05,1.32,1.3149999999999835
2016-02-06,1.34,1.34
2016-02-07,1.33,1.33
2016-02-08,1.38,1.38
2016-02-09,1.32,1.32
2016-02-10,1.24,1.24
2016-02-11,1.2,1.2
2016-02-12,1.19,1.19
2016-02-13,1.18,1.18
2016-02-14,1.16,1.16
2016-02-15,1.17,1.17
2016-02-16,1.18,1.18
2016-02-17,1.21,1.21
2016-02-18,1.31,1.31
2016-02-19,1.26,1.26
2016-02-20,1.33,1.33
2016-02-21,1.46,1.46
2016-02-22,1.51,1.51
2016-02-23,1.37,1.37
2016-02-24,1.28,1.28
2016-02-25,1.21,1.21
2016-02-26,1.18,1.18
2016-02-27,1.13,1.13
2016-02-28,1.1,1.1
2016-02-29,1.1,1.1
2016-03-01,1.56,1.56
2016-03-02,1.79,1.79
2016-03-03,2.65,2.0574999999999903
2016-03-04,3.18,2.0849999999999937
2016-03-05,2.43,2.112499999999983
2016-03-06,2.14,2.1399999999999864
2016-03-07,2.66,2.1399999999999864
2016-03-08,2.3,2.1399999999999864
2016-03-09,4.06,2.1399999999999864
2016-03-10,3.59,2.1399999999999864
2016-03-11,2.32,2.1399999999999864
2016-03-12,1.94,1.94
2016-03-13,1.74,1.74
2016-03-14,1.6,1.6
2016-03-15,1.54,1.54
2016-03-16,1.46,1.46
2016-03-17,1.43,1.43
2016-03-18,1.36,1.36
2016-03-19,1.31,1.31
2016-03-20,1.3,1.3
2016-03-21,1.27,1.27
